Rating,Name,Developer,ReleaseDate,Votes,PositiveVotesPercent,Price,Action,Adventure,FPS,Open World,PvE,PvP,Sandbox,Sci-fi,Simulation
-1,-1.7286213805586208,-1.2720328540541632,-2.5649220303773883,22.482796874445057,0.86,-1.2645566277980265,1,0,1,0,0,1,0,0,0
1,-1.7240483081232805,-1.2654186047512246,0.8832206360798335,-0.1692682040980871,0.93,1.9605630517490804,1,0,0,1,1,1,0,0,0
1,-1.71947523568794,-1.2588043554482862,0.8832206360798335,-0.2384692816215206,0.81,3.1088697014749545,1,1,0,1,0,0,0,0,0
-1,-1.7149021632526,-1.2521901061453475,0.8832206360798335,-0.2018178973109999,0.47,1.9605630517490804,0,0,0,0,0,1,0,0,1
-1,-1.7103290908172597,-1.2455758568424091,-1.4155411415583143,1.2371820896006065,0.8,-0.3434230030781141,1,0,0,0,0,0,0,0,0
-1,-1.7057560183819194,-1.2389616075394705,0.595875413875065,0.5959338216306307,0.2,-1.2645566277980265,1,0,1,0,1,1,0,1,0
1,-1.7011829459465793,-1.232347358236532,0.8832206360798335,-0.2256746165531206,0.88,-0.9470673494428392,0,0,1,0,0,1,0,0,1
-1,-1.696609873511239,-1.2257331089335934,-1.1281959193535458,6.412741067803662,0.58,-1.2645566277980265,1,0,1,0,0,1,0,0,1
-1,-1.6920368010758986,-1.219118859630655,0.021184969465528,0.4623922249335149,0.75,-1.2645566277980265,1,1,0,0,0,1,0,0,0
1,-1.6874637286405585,-1.2125046103277164,0.595875413875065,-0.0875553367543644,0.91,-6.671762777090143e-17,1,0,0,0,0,0,0,1,0
-1,-1.6828906562052182,-1.205890361024778,0.8832206360798335,-0.2370331457464961,0.68,0.9928889087216588,1,0,1,0,1,0,0,1,1
1,-1.6783175837698778,-1.1992761117218396,0.8832206360798335,-0.2275867444321779,0.91,1.9605630517490804,0,1,0,0,0,0,0,0,0
-1,-1.6737445113345375,-1.192661862418901,0.8832206360798335,-0.0241124025025726,0.8,1.4997658407836418,1,1,0,0,1,0,0,1,0
-1,-1.6691714388991974,-1.2720328540541632,-2.27757680817262,6.119132879990418,0.81,-1.2645566277980265,1,0,0,0,0,1,0,0,1
1,-1.664598366463857,-1.1860476131159623,0.8832206360798335,1.973729821555834e-17,0.8124027777777779,2.421360262714519,1,0,1,1,1,1,0,0,0
1,-1.6600252940285167,-1.179433363813024,0.021184969465528,-0.1915963090186855,0.82,0.7104202183998447,1,0,0,0,1,1,0,0,0
-1,-1.6554522215931766,-1.1728191145100857,-0.2661602527392404,2.355091470363273,0.68,-1.2645566277980265,1,0,1,0,0,1,0,1,0
1,-1.6508791491578363,-1.1662048652071468,-0.8408506971487774,0.6717607078501999,0.76,0.946809187625115,1,1,1,1,0,1,1,0,1
-1,-1.646306076722496,-1.1595906159042084,0.8832206360798335,1.6763295925669002,0.96,1.4997658407836418,1,1,0,0,0,0,0,0,0
-1,-1.6417330042871556,-1.1529763666012698,0.8832206360798335,-0.2036892258754258,0.95,1.9605630517490804,1,1,0,0,0,0,0,0,0
1,-1.6371599318518155,-1.1463621172983314,-2.27757680817262,1.3794329799943668,0.87,-1.2645566277980265,1,0,0,0,1,0,0,1,0
-1,-1.6325868594164752,-1.1662048652071468,0.8832206360798335,-0.2374465788014274,0.7,-6.671762777090143e-17,1,1,1,1,0,1,1,0,1
-1,-1.6280137869811349,-1.2389616075394705,0.595875413875065,-0.1672554379096058,0.71,1.0389686298182028,1,0,0,0,1,0,0,0,0
1,-1.6234407145457947,-1.1397478679953927,-0.8408506971487774,2.266714714963092,0.87,0.5781714188527639,1,1,1,1,0,1,1,0,1
-1,-1.6188676421104544,-1.179433363813024,0.8832206360798335,-0.2386977577834563,0.75,-6.671762777090143e-17,1,0,0,0,1,1,0,0,0
-1,-1.614294569675114,-1.1331336186924543,-0.5535054749440088,1.4298826925132195,0.8,-1.2645566277980265,1,1,1,1,1,1,0,1,0
-1,-1.6097214972397738,-1.1265193693895157,-2.27757680817262,1.2581991765443832,0.72,-1.2645566277980265,1,0,0,0,0,0,0,0,1
-1,-1.6051484248044336,-1.1199051200865773,0.595875413875065,1.3633036509434289,0.96,1.4997658407836418,0,1,0,0,0,0,0,0,0
-1,-1.600575352369093,-1.1132908707836386,-1.7028863637630829,2.8248710987548047,0.85,-0.3434230030781141,1,0,1,0,0,1,0,0,0
-1,-1.596002279933753,-1.1066766214807002,-0.5535054749440088,0.252428072023212,0.74,0.1173742078873247,1,0,1,1,0,1,0,0,0
-1,-1.5914292074984129,-1.1000623721777616,0.8832206360798335,0.0037072901674092,0.54,-1.2645566277980265,1,1,0,0,1,0,0,1,0
1,-1.5868561350630723,-1.2720328540541632,-4.001648141401231,2.810675657217394,0.88,-1.2645566277980265,1,0,1,0,0,0,0,0,0
1,-1.5822830626277322,-1.0934481228748232,-1.4155411415583143,0.4124701835505616,0.86,2.7259472191626744,0,0,0,0,0,0,0,0,1
1,-1.577709990192392,-1.0868338735718843,-1.7028863637630829,4.4558944199561425,0.87,-6.671762777090143e-17,1,1,0,1,0,0,1,0,0
1,-1.5731369177570518,-1.080219624268946,0.8832206360798335,1.5839545043328442,0.73,0.5781714188527639,1,0,0,1,1,0,0,1,0
1,-1.5685638453217114,-1.0736053749660075,0.8832206360798335,1.973729821555834e-17,0.8124027777777779,1.4997658407836418,1,1,0,1,0,0,0,0,0
1,-1.5639907728863711,-1.066991125663069,1.170565858284602,1.973729821555834e-17,0.8124027777777779,1.9605630517490804,1,1,0,1,0,0,0,0,0
-1,-1.559417700451031,-1.0603768763601304,0.8832206360798335,-0.2386351988343549,0.74,0.1173742078873247,1,1,0,0,0,0,0,0,0
-1,-1.554844628015691,-1.053762627057192,-0.8408506971487774,0.2097329492386299,0.97,0.937593243405806,0,0,0,1,0,0,1,1,1
1,-1.5502715555803503,-1.0471483777542534,-0.5535054749440088,-0.0523482481817945,0.9,3.717122019949334,0,0,0,1,0,0,1,0,1
1,-1.54569848314501,-1.040534128451315,-0.2661602527392404,0.5616297578885685,0.89,0.5781714188527639,1,1,1,1,1,1,0,0,0
1,-1.54112541070967,-1.2125046103277164,0.3085301916702965,1.697482677226115,0.92,1.4997658407836418,1,0,0,1,0,1,0,0,0
-1,-1.5365523382743296,-1.0339198791483764,-0.8408506971487774,1.8488399746455988,0.98,-1.0806985406228162,1,0,0,0,0,0,1,0,0
1,-1.5319792658389892,-1.027305629845438,-1.4155411415583143,0.0440442125662976,0.94,-0.3120887927324641,1,1,0,1,0,0,0,0,0
1,-1.5274061934036491,-1.0206913805424995,-0.8408506971487774,-0.0518804160406881,0.78,2.8724807322496844,1,1,0,1,0,1,1,0,0
1,-1.5228331209683088,-1.014077131239561,0.8832206360798335,1.973729821555834e-17,0.8124027777777779,1.0389686298182028,1,1,0,0,0,0,0,0,0
-1,-1.5182600485329685,-1.0074628819366225,0.8832206360798335,0.2027644262995906,0.96,0.53209169775622,0,1,0,1,0,0,1,1,1
1,-1.513686976097628,-1.0008486326336838,-0.2661602527392404,1.6276777698461369,0.84,1.4997658407836418,1,1,1,1,0,0,0,1,0
1,-1.509113903662288,-0.9942343833307452,-1.4155411415583143,0.361109286338275,0.91,1.0389686298182028,1,0,0,1,0,0,1,0,1
1,-1.5045408312269477,-0.9876201340278068,0.8832206360798335,-0.1294888723324941,0.96,-0.6203621268683429,0,1,0,1,0,0,1,1,0
1,-1.4999677587916074,-0.9942343833307452,-0.2661602527392404,-0.0379080107565957,0.91,1.0389686298182028,0,0,0,0,0,0,1,0,1
-1,-1.4953946863562673,-0.9810058847248684,-1.9902315859678512,0.0962428557056818,0.83,-0.3434230030781141,1,1,0,1,1,1,0,0,0
-1,-1.490821613920927,-0.9743916354219296,0.8832206360798335,-0.2148763979473494,0.79,1.4997658407836418,1,1,0,1,0,0,0,0,0
-1,-1.4862485414855866,-0.9677773861189912,0.8832206360798335,-0.2389425536712446,0.87,-0.993147070539383,0,0,0,0,0,0,1,0,1
1,-1.4816754690502465,-1.192661862418901,0.021184969465528,-0.1578607157271539,0.89,5.358942482619193,0,1,0,1,1,0,1,0,1
-1,-1.4771023966149062,-0.9611631368160528,-1.1281959193535458,-0.0849224209834862,0.75,-0.8042202140435529,1,1,0,1,0,1,0,0,1
1,-1.4725293241795658,-0.9545488875131142,-0.8408506971487774,-0.1784752494332346,0.91,-0.2346748612902704,0,1,0,0,0,0,0,0,1
1,-1.4679562517442255,-0.9479346382101757,0.3085301916702965,-0.1254878195443104,0.97,0.2993891062186731,0,0,0,0,0,0,1,0,1
1,-1.4633831793088854,-0.9413203889072372,0.8832206360798335,1.973729821555834e-17,0.8124027777777779,1.0389686298182028,0,0,0,0,0,0,0,0,1
1,-1.458810106873545,-0.9347061396042988,-1.9902315859678512,0.1728422089489385,0.87,-1.2645566277980265,0,1,0,0,0,0,1,0,1
1,-1.4542370344382047,-0.9280918903013602,-0.8408506971487774,-0.0794716325487342,0.85,-6.671762777090143e-17,1,1,0,1,0,0,0,0,0
-1,-1.4496639620028646,-0.9214776409984216,-1.4155411415583143,1.535909231422934,0.98,-0.6199013296573774,0,0,0,1,0,0,1,0,1
-1,-1.4450908895675243,-0.9148633916954833,0.8832206360798335,-0.2365625936510809,0.96,-0.3434230030781141,0,1,0,0,0,0,0,0,0
1,-1.440517817132184,-0.9082491423925446,0.8832206360798335,-0.1168193251622971,0.94,0.0712944867907808,1,0,0,0,0,0,0,0,0
-1,-1.4359447446968436,-0.901634893089606,0.595875413875065,-0.2237624886740634,0.73,-6.671762777090143e-17,1,1,0,1,0,0,1,0,0
1,-1.4313716722615035,-0.8950206437866676,0.8832206360798335,1.973729821555834e-17,0.8124027777777779,1.0389686298182028,1,1,0,1,0,0,0,0,0
-1,-1.4267985998261632,-0.888406394483729,0.8832206360798335,-0.2377512136840084,0.78,1.0389686298182028,1,1,0,0,0,0,0,0,0
-1,-1.4222255273908229,-0.8817921451807905,-1.1281959193535458,0.1506555416523954,0.77,-1.2645566277980265,1,0,0,0,1,1,0,0,1
1,-1.4176524549554828,-0.875177895877852,0.3085301916702965,-0.1925673327069123,0.85,-6.671762777090143e-17,0,0,0,0,1,0,0,0,0
-1,-1.4130793825201424,-0.8685636465749135,-2.5649220303773883,1.3995987212395022,0.97,-0.3434230030781141,0,1,0,1,0,0,0,0,1
-1,-1.408506310084802,-0.861949397271975,0.8832206360798335,-0.2180641843972144,0.97,-0.5830375527801424,0,0,0,0,0,0,1,0,1
1,-1.4039332376494618,-0.8553351479690364,0.8832206360798335,-0.2388908745393782,0.94,-0.8042202140435529,1,1,1,0,0,0,0,0,0
-1,-1.3993601652141217,-0.8487208986660979,-0.5535054749440088,0.120398769921766,0.94,-0.3434230030781141,1,1,0,0,0,0,0,0,0
1,-1.394787092778781,-0.8421066493631594,0.8832206360798335,0.2619642318297192,0.86,0.0712944867907808,1,1,0,1,0,0,1,0,1
1,-1.390214020343441,-0.8354924000602209,0.8832206360798335,1.973729821555834e-17,0.8124027777777779,1.4997658407836418,1,0,1,1,0,0,0,1,0
1,-1.3856409479081009,-0.8288781507572823,-0.2661602527392404,1.3388703013878511,0.96,-0.3660020664154206,1,0,0,0,0,0,0,0,0
1,-1.3810678754727606,-0.901634893089606,-0.5535054749440088,1.331779380504918,0.91,1.4997658407836418,1,1,1,1,0,0,1,0,0
1,-1.3764948030374202,-0.8222639014543438,0.8832206360798335,1.973729821555834e-17,0.8124027777777779,2.421360262714519,0,0,0,1,0,0,1,0,1
1,-1.37192173060208,-0.8156496521514053,0.021184969465528,0.2495993195421031,0.88,1.4997658407836418,1,1,0,1,0,1,0,0,1
-1,-1.3673486581667398,-0.8090354028484668,0.8832206360798335,-0.2012929461294095,0.96,-6.671762777090143e-17,0,1,1,0,1,0,1,1,1
-1,-1.3627755857313997,-0.8024211535455282,0.595875413875065,-0.0758540933180854,0.79,-1.2645566277980265,1,0,0,0,0,1,0,0,0
-1,-1.3582025132960591,-0.7958069042425897,0.8832206360798335,-0.2200551909512256,0.77,1.0389686298182028,1,0,0,0,0,0,0,0,0
1,-1.353629440860719,-1.0008486326336838,0.595875413875065,-0.1954940035431364,0.89,0.1173742078873247,1,0,1,1,0,0,0,0,0
1,-1.349056368425379,-0.7891926549396512,0.8832206360798335,-0.1970362176362025,0.96,-6.671762777090143e-17,1,0,0,0,0,0,0,0,0
1,-1.3444832959900384,-0.7825784056367127,0.8832206360798335,-0.2387331171894702,0.93,-6.671762777090143e-17,0,1,0,1,0,0,1,1,0
-1,-1.339910223554698,-0.7759641563337741,0.3085301916702965,-0.2008414337141556,0.74,1.082744364859919,1,1,1,0,1,0,0,0,0
-1,-1.335337151119358,-0.7693499070308356,0.595875413875065,-0.2006020777349849,0.64,-1.2645566277980265,0,0,0,0,0,1,0,0,0
1,-1.3307640786840176,-0.7627356577278972,0.8832206360798335,0.5166417136217031,0.93,0.0712944867907808,1,1,0,1,1,0,1,0,0
-1,-1.3261910062486773,-0.7561214084249587,0.3085301916702965,-0.1347791834630294,0.32,-6.671762777090143e-17,1,1,1,1,0,1,0,0,0
-1,-1.3216179338133371,-0.7495071591220202,0.595875413875065,-0.0871691032425207,0.58,0.8085700243354833,1,1,0,1,1,1,1,1,0
-1,-1.3170448613779968,-0.7428929098190816,0.8832206360798335,-0.2213226896591071,0.72,-1.2645566277980265,0,0,0,0,1,1,0,0,0
-1,-1.3124717889426565,-0.7362786605161431,-0.2661602527392404,-0.0708901767046012,0.75,0.5781714188527639,0,0,1,1,0,0,0,0,0
-1,-1.3078987165073162,-0.7296644112132046,-0.2661602527392404,-0.1533183920315272,0.68,-1.2645566277980265,1,0,0,1,0,1,1,0,0
1,-1.303325644071976,-0.723050161910266,0.8832206360798335,-0.2134647416611038,0.82,2.097419823405816,0,0,0,0,0,1,0,0,1
1,-1.2987525716366357,-0.7164359126073275,-0.8408506971487774,0.0449145979451003,0.82,-0.9088211809327076,1,1,0,1,0,0,0,0,0
1,-1.2941794992012954,-0.709821663304389,0.8832206360798335,-0.1592070931099894,0.92,1.4997658407836418,1,1,0,1,0,0,0,0,0
1,-1.2896064267659553,-0.7032074140014505,0.595875413875065,-0.1746999528526778,0.9,0.3537631771125949,0,1,0,1,0,0,1,0,0
1,-1.285033354330615,-0.696593164698512,-0.5535054749440088,0.0162870788454172,0.89,-0.4816621663677458,1,1,0,1,0,0,1,1,1
-1,-1.2804602818952746,-1.179433363813024,0.595875413875065,-0.2367040312751363,0.73,-6.671762777090143e-17,1,0,0,0,0,1,0,0,0
1,-1.2758872094599345,-0.6899789153955734,0.8832206360798335,-0.2124257191151581,0.89,0.1173742078873247,0,0,0,0,1,1,0,0,0
-1,-1.2713141370245942,-1.2125046103277164,0.8832206360798335,-0.0248413502573199,0.7,0.5781714188527639,1,1,0,0,1,1,0,0,0
-1,-1.2667410645892538,-0.6833646660926349,0.8832206360798335,-0.2134130625292374,0.97,-0.389502724174658,1,1,0,0,0,0,0,0,1
1,-1.2621679921539135,-0.6767504167896964,-2.27757680817262,0.4311426698801886,0.94,-0.3660020664154206,0,1,0,1,0,0,1,0,1
1,-1.2575949197185734,-0.6701361674867579,-0.8408506971487774,0.1545396364053026,0.89,1.4997658407836418,1,1,0,1,0,0,0,0,0
1,-1.253021847283233,-0.6635219181838193,0.595875413875065,-0.2266184406982599,0.93,-0.5973222663200709,1,1,0,0,0,0,0,0,0
-1,-1.2484487748478927,-0.6569076688808808,-0.2661602527392404,0.1723417373561269,0.97,-6.671762777090143e-17,0,0,0,1,0,0,1,0,1
-1,-1.2438757024125526,-0.8817921451807905,-1.4155411415583143,0.1500979510191,0.79,-1.2645566277980265,1,0,1,0,0,1,0,0,0
-1,-1.2393026299772123,-0.8685636465749135,-1.4155411415583143,0.1212528355747162,0.97,-0.3434230030781141,0,1,0,1,0,0,0,0,1
-1,-1.234729557541872,-0.6502934195779423,0.8832206360798335,-0.2100783985466995,0.73,0.8085700243354833,0,0,0,0,0,0,0,0,1
1,-1.2301564851065316,-0.9942343833307452,0.8832206360798335,-0.2344981483307332,0.87,0.1173742078873247,0,0,0,0,0,0,0,0,1
1,-1.2255834126711915,-0.9942343833307452,-1.4155411415583143,0.0872234872178387,0.87,0.5781714188527639,0,0,0,0,0,0,1,1,1
1,-1.2210103402358512,-0.6436791702750038,0.3085301916702965,0.5150750199398582,0.93,-0.3434230030781141,1,1,0,1,0,0,1,0,1
-1,-1.2164372678005109,-0.6370649209720652,-1.7028863637630829,0.45320149932422,0.97,-0.2277629031257889,1,1,0,1,0,0,1,0,1
1,-1.2118641953651708,-0.6304506716691267,0.8832206360798335,-0.2227044264479564,0.84,-1.1272390589303256,0,0,0,0,0,0,1,0,0
1,-1.2072911229298304,-0.6238364223661882,0.595875413875065,-0.1825307013075935,0.88,1.0421942102949608,0,1,0,1,0,0,1,0,1
-1,-1.20271805049449,-0.6172221730632497,0.021184969465528,-0.0166053286103992,0.45,-1.2645566277980265,0,0,0,0,0,1,0,0,1
1,-1.1981449780591498,-0.6106079237603111,-0.8408506971487774,0.0185228812872167,0.86,4.522134747505955,1,0,1,1,0,0,0,0,1
1,-1.1935719056238097,-0.6039936744573726,0.8832206360798335,-0.1538351833501914,0.91,-0.3434230030781141,0,1,0,0,0,0,1,0,1
-1,-1.188998833188469,-1.1132908707836386,0.3085301916702965,-0.1749393088318485,0.7,1.4997658407836418,1,1,0,1,0,0,0,0,0
-1,-1.184425760753129,-0.5973794251544341,0.8832206360798335,-0.2355562105568402,0.72,1.4997658407836418,1,0,0,1,1,0,0,0,0
-1,-1.179852688317789,-0.5907651758514957,0.8832206360798335,-0.2363096379003664,0.75,1.9605630517490804,0,1,0,0,0,0,0,0,0
1,-1.1752796158824486,-0.5841509265485572,0.3085301916702965,-0.2274045074934911,0.84,-0.9055956004559496,1,1,0,0,0,0,0,1,0
1,-1.1707065434471082,-1.066991125663069,0.595875413875065,-0.1572106466473607,0.85,1.4997658407836418,1,1,0,1,0,1,1,0,0
-1,-1.166133471011768,-0.5775366772456186,-2.8522672525821564,2.6607245761755385,0.97,-0.8152793471067236,1,1,0,1,0,0,1,0,0
1,-1.1615603985764278,-0.5709224279426801,0.3085301916702965,-0.0315052383137782,0.69,1.4997658407836418,1,0,0,0,0,1,0,0,0
-1,-1.1569873261410877,-0.9876201340278068,0.8832206360798335,-0.2382326455966586,0.72,-0.8963796562366407,0,1,0,0,0,0,0,0,0
-1,-1.1524142537057471,-0.5643081786397416,0.021184969465528,-0.1701195497967285,0.95,-1.0106573645560697,0,0,0,0,0,0,1,0,1
1,-1.147841181270407,-0.5576939293368031,-0.5535054749440088,-0.0908682411024323,0.86,-0.1591041186919385,1,1,0,1,0,0,1,0,1
-1,-1.143268108835067,-0.5510796800338645,0.8832206360798335,-0.2309214084147158,0.96,-0.6751969949732302,0,1,0,0,0,0,0,0,0
-1,-1.1386950363997264,-0.8222639014543438,-0.2661602527392404,-0.0779294184556681,0.79,1.9605630517490804,0,1,0,1,0,0,0,0,1
-1,-1.134121963964386,-0.544465430730926,0.3085301916702965,0.6718423064794626,0.55,2.421360262714519,1,0,1,0,0,0,0,0,0
-1,-1.129548891529046,-1.1331336186924543,0.8832206360798335,-0.2249701483871522,0.8,-6.671762777090143e-17,1,1,1,1,1,1,0,1,0
1,-1.1249758190937056,-0.7362786605161431,-1.4155411415583143,0.221950983993573,0.94,0.5781714188527639,1,1,0,1,0,0,0,0,0
1,-1.1204027466583653,-0.5378511814279875,0.3085301916702965,-0.0455157229581932,0.91,-0.8871637120173321,1,1,0,0,0,0,0,0,0
1,-1.1158296742230251,-0.531236932125049,-1.1281959193535458,1.2017084455057785,0.83,-0.5830375527801424,1,1,0,1,0,0,1,1,0
-1,-1.1112566017876848,-0.5246226828221104,-0.8408506971487774,-0.1905273669753434,0.78,1.3453987751102197,0,0,0,1,0,0,1,0,1
-1,-1.1066835293523445,-0.8817921451807905,0.021184969465528,-0.0226245874956817,0.84,-1.2645566277980265,1,0,0,0,1,1,0,0,1
1,-1.1021104569170042,-0.5180084335191719,-1.1281959193535458,0.1330601572290368,0.88,-0.3660020664154206,0,0,1,1,0,0,1,0,1
1,-1.097537384481664,-1.1132908707836386,-1.1281959193535458,0.0221349806092479,0.86,1.4997658407836418,1,1,0,1,0,0,0,0,0
1,-1.0929643120463235,-0.5113941842162334,0.3085301916702965,-0.161149140486443,0.86,0.1173742078873247,1,1,0,1,0,0,1,0,0
-1,-1.0883912396109834,-0.544465430730926,0.595875413875065,-0.2088163397474355,0.31,1.9605630517490804,1,0,1,1,1,1,0,0,0
-1,-1.0838181671756433,-0.5047799349132949,0.595875413875065,-0.1208802169452735,0.53,1.0389686298182028,0,0,0,1,0,0,1,0,1
-1,-1.079245094740303,-0.4981656856103563,-0.8408506971487774,0.5547781929848059,0.97,-0.6291172738766863,1,1,0,0,0,0,1,0,0
-1,-1.0746720223049626,-0.4915514363074178,0.8832206360798335,-0.2379361705770039,0.66,-6.671762777090143e-17,0,1,0,0,0,0,1,0,1
1,-1.0700989498696225,-0.4849371870044793,0.8832206360798335,-0.2321073084933345,0.93,-1.0986696318504685,0,0,0,0,0,0,0,0,1
1,-1.0655258774342822,-0.4783229377015408,-1.4155411415583143,0.6293430204051111,0.95,-0.5738216085608335,1,1,0,1,0,0,1,0,0
-1,-1.0609528049989418,-1.0471483777542534,0.8832206360798335,-0.2389996727117285,0.89,-0.8042202140435529,0,0,0,1,0,0,1,0,1
1,-1.0563797325636015,-0.4717086883986022,0.8832206360798335,-0.103350111425325,0.93,-0.6659810507539213,0,0,0,0,0,0,1,0,1
-1,-1.0518066601282614,-0.4650944390956637,0.8832206360798335,-0.2070320497208899,0.74,0.0712944867907808,1,0,0,0,1,0,0,1,0
-1,-1.047233587692921,-0.4584801897927252,-0.2661602527392404,-0.2291697578398753,0.86,-6.671762777090143e-17,0,1,0,0,0,0,0,0,0
1,-1.0426605152575807,-0.4518659404897867,0.595875413875065,-0.1998676900716201,0.79,1.0389686298182028,0,0,0,0,0,0,0,1,0
1,-1.0380874428222404,-0.4452516911868482,0.021184969465528,-0.0129497100194278,0.84,1.0389686298182028,1,0,1,0,0,1,0,0,1
-1,-1.0335143703869003,-0.4386374418839097,0.3085301916702965,-0.077964777861682,0.76,-1.2645566277980265,1,1,1,0,1,1,0,0,0
-1,-1.02894129795156,-0.4320231925809711,0.3085301916702965,-0.1517625781669174,0.81,-1.0493643302771665,1,0,1,0,0,1,0,0,0
1,-1.0243682255162196,-0.4254089432780326,1.170565858284602,1.973729821555834e-17,0.8124027777777779,1.9605630517490804,0,0,0,0,0,1,0,0,1
-1,-1.0197951530808795,-0.4187946939750941,0.8832206360798335,-0.22826129310075,0.87,-6.671762777090143e-17,1,1,0,0,0,0,0,0,0
1,-1.0152220806455392,-1.053762627057192,0.3085301916702965,-0.2319223516003389,0.92,-6.671762777090143e-17,0,0,0,0,0,0,0,1,1
1,-1.0106490082101989,-1.066991125663069,-0.8408506971487774,0.5200525363248862,0.88,0.1173742078873247,1,1,0,1,0,0,0,0,0
-1,-1.0060759357748588,-1.066991125663069,0.595875413875065,0.0184412826579539,0.97,0.5781714188527639,1,1,0,0,0,0,0,0,0
1,-1.0015028633395184,-0.4121804446721556,0.3085301916702965,-0.0139588130679772,0.68,0.5781714188527639,1,0,1,0,1,0,0,0,0
1,-0.996929790904178,-0.405566195369217,0.8832206360798335,-0.2289739211296447,0.92,-0.9055956004559496,0,0,0,0,0,1,0,0,0
1,-0.992356718468838,-0.3989519460662785,0.8832206360798335,-0.1059639875160419,0.87,0.5781714188527639,1,1,0,1,0,0,1,0,1
1,-0.9877836460334976,-0.39233769676334,0.8832206360798335,0.3956690257853604,0.88,0.7624903032389395,1,0,1,1,0,0,1,0,1
1,-0.9832105735981572,-0.3857234474604015,0.595875413875065,0.3180524096306281,0.9,1.4997658407836418,1,1,0,1,0,0,0,0,0
1,-0.978637501162817,-0.3791091981574629,0.8832206360798335,-0.1016800594797473,0.85,0.1173742078873247,1,1,0,1,1,0,1,0,0
-1,-0.9740644287274768,-0.3724949488545245,0.021184969465528,0.1753853662276277,0.94,0.5781714188527639,1,1,0,0,0,0,0,0,0
-1,-0.9694913562921366,-0.365880699551586,-0.8408506971487774,-0.1740199642754882,0.61,-1.2645566277980265,1,0,0,0,0,1,0,1,0
-1,-0.9649182838567962,-0.3592664502486474,0.8832206360798335,-0.1023627680112457,0.73,-1.2645566277980265,0,0,0,0,1,1,0,0,0
1,-0.960345211421456,-0.3526522009457089,0.595875413875065,-0.2310737258560063,0.88,-0.8963796562366407,1,1,0,0,1,0,0,1,0
1,-0.9557721389861156,-0.3460379516427704,-1.4155411415583143,-0.0437504726118089,0.95,-6.671762777090143e-17,1,0,0,0,0,0,0,0,0
-1,-0.9511990665507756,-0.3394237023398319,-1.1281959193535458,0.7778579655719424,0.82,-1.2645566277980265,1,0,0,0,0,0,0,0,0
1,-0.9466259941154352,-0.9413203889072372,0.021184969465528,-0.0815360778690819,0.92,-0.3434230030781141,0,0,0,1,0,0,1,0,1
-1,-0.9420529216800948,-0.3328094530368933,0.8832206360798335,-0.1740417239099582,0.7,1.9605630517490804,1,0,0,0,0,1,0,0,0
1,-0.9374798492447548,-0.3261952037339548,-0.2661602527392404,0.1431974269377797,0.83,0.9928889087216588,1,0,1,1,0,1,0,0,1
-1,-0.9329067768094144,-0.3195809544310163,0.595875413875065,-0.1972211745291981,0.98,-1.006970986868346,0,1,0,0,0,0,0,0,0
1,-0.928333704374074,-0.3129667051280778,-0.2661602527392404,0.3042513614679875,0.93,-0.1130243975953946,1,0,0,0,0,0,0,0,0
1,-0.9237606319387338,-0.3063524558251392,0.021184969465528,-0.0926416513117428,0.87,0.5781714188527639,0,0,0,1,1,1,0,0,0
1,-0.9191875595033936,-0.2997382065222007,-1.7028863637630829,0.1234532786105018,0.87,1.4997658407836418,1,0,1,0,0,0,0,1,1
-1,-0.9146144870680534,-0.2931239572192622,0.8832206360798335,-0.1781107755558609,0.74,0.270819679138816,1,0,1,1,0,1,0,0,1
-1,-0.910041414632713,-0.2865097079163237,-0.8408506971487774,0.3023337936803127,0.7,1.0389686298182028,1,0,1,1,0,1,0,0,0
-1,-0.9054683421973728,-1.2720328540541632,-3.4269576969916935,1.5930636313128763,0.97,-0.8152793471067236,1,1,1,0,0,0,0,0,0
-1,-0.9008952697620324,-0.2798954586133852,0.3085301916702965,-0.0300527827129011,0.95,-0.2051838397884824,1,1,0,0,0,0,0,0,0
-1,-0.8963221973266923,-1.179433363813024,0.3085301916702965,-0.2377702533641697,0.77,-6.671762777090143e-17,1,0,0,0,1,1,0,0,1
1,-0.8917491248913519,-0.2732812093104467,0.021184969465528,0.8472276802625189,0.94,-0.3434230030781141,1,1,0,1,1,0,1,0,0
-1,-0.8871760524560117,-0.2666669600075081,-0.8408506971487774,0.4614756003314633,0.96,0.1173742078873247,1,1,0,1,0,0,1,1,0
1,-0.8826029800206715,-0.696593164698512,0.8832206360798335,-0.2389099142195395,0.84,-1.0346188195262724,1,0,0,0,0,0,0,0,1
1,-0.8780299075853312,-0.2600527107045696,0.8832206360798335,-0.1394765445542553,0.93,-0.9055956004559496,0,1,0,0,0,0,0,1,0
-1,-0.873456835149991,-0.2534384614016311,0.595875413875065,-0.163637898678957,0.82,-6.671762777090143e-17,0,0,0,0,0,1,0,0,0
1,-0.8688837627146506,-0.2468242120986926,0.3085301916702965,0.0096068710631063,0.95,0.1173742078873247,1,0,0,1,0,0,1,0,1
1,-0.8643106902793104,-0.240209962795754,-0.2661602527392404,-0.1618753682868815,0.93,-6.671762777090143e-17,1,0,0,0,0,0,0,0,0
1,-0.8597376178439701,-0.2335957134928155,-2.27757680817262,0.1613694416745952,0.96,-1.1912898712545217,1,1,0,0,0,0,0,0,0
-1,-0.8551645454086299,-0.6635219181838193,0.8832206360798335,-0.2389180740824658,0.81,-0.8042202140435529,1,1,0,0,0,0,0,0,0
-1,-0.8505914729732896,-0.226981464189877,0.8832206360798335,0.1753880861819364,0.94,-6.671762777090143e-17,1,1,0,0,0,0,0,0,0
1,-0.8460184005379493,-0.2203672148869385,0.8832206360798335,-0.2356514089576468,0.81,-6.671762777090143e-17,1,1,0,0,0,0,0,0,0
-1,-0.8414453281026091,-0.544465430730926,0.8832206360798335,-0.2388337554988942,0.66,0.1173742078873247,1,0,1,0,0,0,0,0,0
-1,-0.8368722556672687,-0.213752965584,0.8832206360798335,-0.2156080656564055,0.79,-0.1130243975953946,1,1,0,0,0,0,0,0,0
1,-0.8322991832319285,-0.8421066493631594,-0.8408506971487774,1.0510120969833228,0.95,-0.4908781105870546,1,1,0,1,0,0,1,0,1
-1,-0.8277261107965883,-0.2071387162810614,0.8832206360798335,-0.221774202074361,0.7,-0.4540143337098194,1,0,0,1,0,1,1,0,1
1,-0.823153038361248,-1.1662048652071468,0.595875413875065,-0.1999057694319427,0.71,0.1173742078873247,1,0,1,1,1,1,1,0,1
1,-0.8185799659259078,-0.2005244669781229,0.8832206360798335,-0.1164167719246008,0.93,0.53209169775622,1,1,0,0,1,0,0,0,0
1,-0.8140068934905674,-0.1939102176751844,0.8832206360798335,-0.2160813377061295,0.83,-1.2645566277980265,0,1,0,0,0,0,0,0,0
1,-0.8094338210552272,-0.5047799349132949,-1.7028863637630829,0.2897322453678347,0.93,0.0252147656942369,1,0,0,0,0,0,1,0,1
-1,-0.8048607486198869,-0.1872959683722459,-1.1281959193535458,0.376977499775572,0.75,-1.2645566277980265,1,1,0,1,0,0,1,0,1
-1,-0.8002876761845467,-0.1806817190693073,0.595875413875065,0.0423442411233235,0.97,-0.3434230030781141,1,1,0,0,0,0,0,0,1
-1,-0.7957146037492064,-0.1740674697663689,-1.1281959193535458,-0.0717034430429199,0.75,-1.2645566277980265,1,1,0,0,1,1,1,0,0
1,-0.7911415313138661,-0.7362786605161431,-1.7028863637630829,0.443684379197874,0.83,-0.3434230030781141,1,1,1,1,0,0,1,1,0
-1,-0.7865684588785259,-1.053762627057192,0.8832206360798335,-0.2328960952428745,0.84,-0.1821439792402105,0,0,0,1,0,0,1,1,1
-1,-0.7819953864431856,-0.1674532204634303,0.8832206360798335,-0.2275214655287677,0.85,0.9928889087216588,0,0,0,0,1,1,0,1,0
1,-0.7774223140078453,-0.1608389711604918,0.595875413875065,-0.1468857000913134,0.73,1.4997658407836418,1,1,0,0,0,0,0,0,0
1,-0.772849241572505,-1.1132908707836386,2.9083676188250215e-14,-0.0757724946888226,0.88,0.5781714188527639,1,1,0,1,0,0,0,0,0
-1,-0.7682761691371648,-0.1542247218575533,0.8832206360798335,-0.1569304913535585,0.94,-1.1267782617193602,1,0,1,0,0,0,0,0,1
1,-0.7637030967018246,-0.1476104725546148,0.3085301916702965,0.2933470646441747,0.87,1.0389686298182028,1,1,0,1,0,0,1,0,1
1,-0.7591300242664842,-0.1409962232516762,0.595875413875065,-0.2115879731880604,0.9,1.4997658407836418,0,0,0,0,0,0,0,0,1
1,-0.754556951831144,-1.066991125663069,0.8832206360798335,-0.2361546005047671,0.91,-6.671762777090143e-17,1,0,0,0,0,0,0,0,0
-1,-0.7499838793958037,-0.1343819739487377,0.8832206360798335,-0.2368808283052056,0.61,-6.671762777090143e-17,1,0,0,0,0,0,0,0,0
1,-0.7454108069604635,-0.1277677246457992,-1.4155411415583143,0.4218105066468383,0.79,1.4536861196870978,1,1,1,1,0,0,1,1,1
-1,-0.7408377345251231,-1.179433363813024,0.3085301916702965,-0.2380585685208981,0.73,-6.671762777090143e-17,1,0,0,0,1,1,0,0,1
1,-0.7362646620897829,-0.1211534753428607,-0.2661602527392404,-0.221695323399407,0.86,-0.6890209113021932,1,0,0,1,1,0,0,0,0
1,-0.7316915896544427,-1.1992761117218396,0.8832206360798335,-0.1844101897349456,0.94,1.9605630517490804,0,1,0,0,0,0,0,0,0
-1,-0.7271185172191024,-0.1145392260399222,-1.1281959193535458,-0.0303329380067033,0.79,-1.2645566277980265,1,0,0,1,1,1,1,0,0
-1,-0.7225454447837621,-0.1079249767369836,0.021184969465528,0.0881047524138764,0.97,-6.671762777090143e-17,1,1,0,0,0,0,1,0,1
1,-0.7179723723484218,-1.053762627057192,0.021184969465528,-0.2311471646223427,0.83,-6.671762777090143e-17,0,0,0,0,0,0,0,0,1
1,-0.7133992999130816,-0.1013107274340451,0.3085301916702965,-0.0767054390167268,0.9,0.5781714188527639,1,1,0,1,0,0,1,0,0
-1,-0.7088262274777414,-1.2720328540541632,-2.8522672525821564,0.6792759416052996,0.98,-0.8152793471067236,1,1,1,0,0,0,0,1,0
-1,-0.704253155042401,-0.0946964781311066,-1.1281959193535458,0.0633178087981603,0.97,-0.6669026451758522,1,1,1,1,0,0,1,0,1
-1,-0.6996800826070608,-1.1662048652071468,0.8832206360798335,-0.2278152205941136,0.44,-1.2645566277980265,1,1,1,0,0,1,0,0,0
-1,-0.6951070101717205,-1.0471483777542534,0.8832206360798335,-0.2339922368293041,0.67,-0.5738216085608335,0,0,0,0,1,0,0,0,1
-1,-0.6905339377363803,-0.0880822288281681,0.595875413875065,-0.1575506409359555,0.95,-0.1130243975953946,0,1,0,1,0,0,0,0,1
1,-0.68596086530104,-0.9347061396042988,0.8832206360798335,1.973729821555834e-17,0.8124027777777779,0.5781714188527639,0,1,0,0,0,0,1,0,1
-1,-0.6813877928656997,-0.7495071591220202,0.8832206360798335,-0.2370086661577173,0.53,0.1173742078873247,1,1,0,1,1,1,1,1,0
1,-0.6768147204303595,-1.053762627057192,-0.2661602527392404,-0.2332496893030131,0.84,-6.671762777090143e-17,0,0,0,0,0,0,1,1,1
1,-0.6722416479950192,-1.192661862418901,-1.1281959193535458,-0.15981908282946,0.9,-1.1728579828159045,0,1,0,1,0,0,1,0,1
-1,-0.667668575559679,-1.192661862418901,0.8832206360798335,-0.2339378377431289,0.54,0.8251587239302391,0,1,0,1,0,0,0,0,1
-1,-0.6630955031243386,-0.0814679795252295,0.8832206360798335,-0.2382816047742163,0.88,-6.671762777090143e-17,0,1,0,1,0,0,1,0,1
-1,-0.6585224306889984,-0.074853730222291,0.3085301916702965,-0.0449635722335152,0.96,1.4997658407836418,1,1,0,1,0,0,0,1,0
1,-0.6539493582536581,-0.0682394809193525,-0.8408506971487774,-0.1959808753644042,0.8,-0.9254098805274636,1,0,1,0,0,0,1,0,1
1,-0.6493762858183179,-0.061625231616414,-0.5535054749440088,-0.1398899776091866,0.9,-6.671762777090143e-17,1,1,0,0,0,0,0,0,0
-1,-0.6448032133829776,-0.0550109823134755,0.8832206360798335,-0.2050628028013488,0.95,0.0712944867907808,1,1,0,0,0,0,0,1,0
1,-0.6402301409476373,-0.048396733010537,-0.5535054749440088,0.3367548154576515,0.92,0.5781714188527639,1,1,1,0,0,0,0,1,0
-1,-0.6356570685122971,-0.0417824837075984,0.8832206360798335,-0.208315868154624,0.77,-1.2645566277980265,1,0,1,0,1,1,0,0,1
-1,-0.6310839960769568,-1.1397478679953927,-4.288993363605999,2.3421472078078915,0.96,-0.8042202140435529,1,0,1,0,0,1,1,0,1
1,-0.6265109236416165,-0.0351682344046599,0.021184969465528,-0.0138500148956268,0.93,-0.4908781105870546,1,1,1,0,0,0,0,0,0
-1,-0.6219378512062763,-0.9479346382101757,0.8832206360798335,-0.2388147158187329,0.7,-0.8963796562366407,0,0,0,0,0,0,1,0,1
-1,-0.617364778770936,-0.3261952037339548,0.8832206360798335,-0.167230958320827,0.83,0.9928889087216588,1,0,1,0,1,0,0,1,0
-1,-0.6127917063355958,-0.0285539851017214,0.8832206360798335,-0.2377131343236857,0.75,0.8085700243354833,0,1,0,1,0,0,0,0,1
1,-0.6082186339002554,-0.0219397357987829,0.8832206360798335,-0.2339051982914239,0.84,-0.5830375527801424,1,1,0,0,0,0,1,0,1
1,-0.6036455614649152,-0.0153254864958444,0.8832206360798335,-0.2126433154598587,0.84,-0.5830375527801424,1,0,0,0,0,1,0,0,1
1,-0.5990724890295749,-0.0087112371929058,-0.8408506971487774,-0.1286157669993826,0.89,-0.5830375527801424,1,0,0,0,0,0,0,0,0
-1,-0.5944994165942347,-0.9942343833307452,0.8832206360798335,-0.2350040598321623,0.32,-0.3434230030781141,0,0,0,0,0,0,0,0,1
1,-0.5899263441588944,-0.0020969878899673,-1.7028863637630829,-0.075881292861173,0.86,-1.2645566277980265,1,1,1,1,0,0,0,0,1
1,-0.5853532717235541,0.0045172614129711,0.595875413875065,-0.2343648705696041,0.71,-1.1728579828159045,1,1,0,0,0,0,0,0,0
1,-0.5807801992882139,0.0111315107159096,-1.1281959193535458,0.0116631565205277,0.91,0.0035572967788614,1,1,0,1,0,0,1,0,1
1,-0.5762071268528736,-1.2654186047512246,0.8832206360798335,-0.2387358371437789,0.85,0.3477728133700444,1,0,0,1,1,1,0,0,0
1,-0.5716340544175333,0.0177457600188482,-0.8408506971487774,-0.1630585484111914,0.87,0.3648223101757655,1,0,0,1,0,0,1,0,1
-1,-0.567060981982193,0.0243600093217867,0.595875413875065,-0.1852397757991169,0.7,1.0389686298182028,1,0,0,0,0,1,0,0,0
-1,-0.5624879095468528,0.0309742586247252,0.8832206360798335,-0.2289875209011885,0.77,-6.671762777090143e-17,0,1,0,0,0,0,1,0,0
-1,-0.5579148371115126,-1.2654186047512246,0.8832206360798335,-0.2387657566411753,0.42,-0.5738216085608335,1,0,0,1,1,1,0,0,0
1,-0.5533417646761722,-0.0946964781311066,0.3085301916702965,-0.1681448629685698,0.94,-0.9369298108015994,1,1,1,1,0,0,0,0,1
1,-0.548768692240832,0.0375885079276637,0.8832206360798335,-0.0031605944622059,0.88,0.3477728133700444,1,1,0,1,1,1,1,0,0
1,-0.5441956198054917,0.0442027572306022,0.021184969465528,-0.0729083828016999,0.91,-0.8152793471067236,1,0,0,0,0,0,0,0,0
-1,-0.5396225473701515,0.0508170065335408,-1.1281959193535458,0.1748712948632723,0.96,-0.3434230030781141,1,0,0,0,0,0,0,0,0
-1,-0.5350494749348111,0.0574312558364793,-1.1281959193535458,0.663886440126344,0.97,-0.5830375527801424,1,1,0,1,0,0,0,0,0
1,-0.5304764024994709,0.0640455051394178,-2.27757680817262,0.3778723647431536,0.89,-1.2645566277980265,1,1,0,0,0,1,0,0,0
1,-0.5259033300641307,0.0706597544423563,-0.8408506971487774,1.413522167346037,0.92,-1.0576586800745444,1,0,0,0,0,1,0,1,0
-1,-0.5213302576287904,0.0772740037452948,-0.2661602527392404,0.439900922754391,0.97,0.1173742078873247,1,0,1,0,1,0,0,1,0
-1,-0.5167571851934502,0.0838882530482334,0.595875413875065,-0.1350266993051264,0.83,1.0389686298182028,1,1,0,0,1,0,0,0,0
-1,-0.5121841127581098,-1.2654186047512246,0.8832206360798335,-0.2388011160471891,0.35,-0.5738216085608335,1,0,0,1,1,1,0,0,0
1,-0.5076110403227696,0.0905025023511719,0.021184969465528,-0.1500027677291507,0.71,0.3016930922735005,0,1,0,1,1,0,1,0,0
1,-0.5030379678874294,0.0971167516541104,-1.4155411415583143,-0.1349994997620388,0.9,-0.3434230030781141,1,1,0,1,0,0,0,0,0
1,-0.498464895452089,0.1037310009570489,0.8832206360798335,-0.2367094711837539,0.86,-0.8152793471067236,0,0,0,0,0,0,0,0,1
1,-0.4938918230167488,0.1103452502599874,-0.2661602527392404,-0.2112153394477605,0.88,-1.1267782617193602,0,1,0,0,0,0,0,0,1
1,-0.4893187505814085,0.1169594995629259,0.8832206360798335,-0.2331735305823678,0.85,-6.671762777090143e-17,1,0,1,1,0,0,1,0,1
-1,-0.4847456781460683,0.1235737488658645,-0.2661602527392404,-0.1962909501556027,0.77,-1.2645566277980265,0,0,0,0,0,0,0,0,1
1,-0.480172605710728,-1.205890361024778,0.021184969465528,-0.212651475322785,0.84,0.1173742078873247,1,0,1,0,1,0,0,0,1
1,-0.4755995332753877,-1.0008486326336838,-1.7028863637630829,1.7453157936999415,0.96,0.1173742078873247,1,1,0,1,0,0,1,0,0
1,-0.4710264608400474,0.130187998168803,0.021184969465528,-0.0568035333395409,0.5,-1.2645566277980265,0,1,0,1,0,0,0,0,1
-1,-0.4664533884047072,0.1368022474717415,-1.9902315859678512,-0.0684721373241148,0.77,0.1173742078873247,1,1,0,1,0,0,0,0,1
-1,-0.4618803159693669,0.14341649677468,0.8832206360798335,0.0099849447120238,0.69,0.1173742078873247,1,0,0,0,0,1,0,0,0
1,-0.4573072435340267,-1.1662048652071468,-2.27757680817262,0.32348143843091,0.9,0.0252147656942369,1,0,1,1,0,0,1,0,1
1,-0.4527341710986864,0.1500307460776186,-1.1281959193535458,-0.0120330854173761,0.93,1.4997658407836418,1,0,0,0,0,0,0,0,0
-1,-0.4481610986633461,-1.2720328540541632,-0.2661602527392404,-0.0207314992967858,0.98,1.4536861196870978,1,1,1,0,0,0,0,1,0
1,-0.4435880262280058,0.1566449953805571,0.3085301916702965,-0.20624326297135,0.91,-0.9111251669875348,1,1,0,0,0,0,0,1,0
1,-0.4390149537926656,0.1632592446834956,0.3085301916702965,-0.1926081320215437,0.89,-0.8461527602414081,1,0,0,1,0,0,1,1,1
1,-0.4344418813573253,0.1698734939864341,-0.8408506971487774,-0.1450007717553438,0.85,-6.671762777090143e-17,1,0,1,1,0,0,1,0,1
1,-0.429868808921985,0.1764877432893726,0.595875413875065,-0.2269339553980758,0.73,-0.781180353495281,1,1,0,1,0,0,1,0,1
-1,-0.4252957364866448,-1.0206913805424995,0.021184969465528,-0.2353494940293746,0.52,-6.671762777090143e-17,1,1,0,1,0,0,0,0,1
-1,-0.4207226640513045,0.1831019925923112,0.8832206360798335,-0.2262186074148724,0.78,-1.0346188195262724,1,1,0,0,1,0,0,0,0
1,-0.4161495916159642,0.1897162418952497,0.8832206360798335,-0.237699534552142,0.84,-0.5968614691091055,0,1,0,0,0,0,1,0,1
-1,-0.411576519180624,-0.9082491423925446,-0.2661602527392404,0.435429317870792,0.98,-0.1356034609327011,1,0,0,0,0,0,0,0,0
-1,-0.4070034467452837,0.1963304911981882,-0.2661602527392404,-0.1852696952965133,0.92,-0.993147070539383,1,1,1,0,0,1,1,0,0
1,-0.4024303743099434,-1.2125046103277164,-0.5535054749440088,0.357842621213456,0.95,1.4997658407836418,1,1,0,1,0,0,0,0,0
1,-0.3978573018746032,0.2029447405011267,0.021184969465528,-0.1706390610697013,0.95,-6.671762777090143e-17,0,1,0,1,0,0,1,0,1
-1,-0.3932842294392629,-0.9942343833307452,0.3085301916702965,-0.1536747060459746,0.68,1.0389686298182028,0,0,0,0,0,0,1,0,1
-1,-0.3887111570039226,-0.7759641563337741,0.8832206360798335,-0.2150368752515662,0.27,-0.5738216085608335,1,0,0,0,0,0,0,0,0
1,-0.3841380845685824,0.2095589898040653,0.8832206360798335,-0.2358962048454351,0.86,-0.8152793471067236,1,0,0,0,0,0,0,0,0
1,-0.3795650121332421,0.2161732391070037,-1.1281959193535458,-0.1737207693015247,0.91,-0.0208649554023068,1,0,0,1,0,0,1,0,1
-1,-0.3749919396979018,0.2227874884099423,0.8832206360798335,-0.2199953519564329,0.98,-0.1591041186919385,0,0,0,0,0,0,1,0,1
-1,-0.3704188672625615,0.2294017377128808,0.8832206360798335,-0.2173352366424671,0.77,0.0712944867907808,1,0,0,1,0,0,0,0,1
1,-0.3658457948272213,-0.8685636465749135,0.595875413875065,-0.2349469407916783,0.83,-0.4355824452712019,1,1,0,1,0,0,0,0,1
-1,-0.3612727223918811,0.2360159870158193,0.595875413875065,-0.2386542385145162,0.09,-0.8152793471067236,1,1,0,0,0,0,0,0,1
-1,-0.3566996499565408,0.2426302363187578,0.8832206360798335,-0.2390214323461986,0.27,1.0389686298182028,1,1,0,0,0,0,0,0,0
-1,-0.3521265775212005,-1.066991125663069,-0.2661602527392404,-0.1931276432945166,0.57,0.5781714188527639,1,1,0,1,1,0,0,0,0
-1,-0.3475535050858602,-0.2865097079163237,-0.2661602527392404,-0.2388201557273505,0.76,0.1173742078873247,1,0,0,0,0,0,0,0,0
-1,-0.34298043265052,0.2492444856216964,-0.2661602527392404,-0.0724296708433585,0.95,-0.2051838397884824,1,1,0,1,0,0,0,1,1
-1,-0.3384073602151797,0.2558587349246349,0.8832206360798335,-0.2290908791649213,0.7,-6.671762777090143e-17,1,1,0,1,0,0,1,0,1
-1,-0.3338342877798395,-0.2865097079163237,0.021184969465528,0.3456626658188356,0.47,1.4997658407836418,1,1,1,0,0,1,0,0,0
-1,-0.3292612153444992,0.2624729842275734,-0.8408506971487774,-0.0083557071919347,0.74,0.53209169775622,1,1,1,1,0,1,0,0,0
1,-0.3246881429091589,0.2690872335305119,0.8832206360798335,-0.2081064316728496,0.89,1.4997658407836418,1,1,0,1,0,0,0,1,0
-1,-0.3201150704738186,-0.7428929098190816,0.3085301916702965,-0.2075134816335402,0.77,-1.2645566277980265,1,1,0,1,1,1,0,0,0
-1,-0.3155419980384784,0.2757014828334505,-0.5535054749440088,-0.1951730489347029,0.77,-1.0350796167372378,1,1,0,1,0,0,0,0,0
1,-0.3109689256031381,0.282315732136389,0.3085301916702965,-0.2193452828766396,0.81,0.3477728133700444,0,0,0,1,0,0,0,0,1
1,-0.3063958531677979,0.2889299814393275,-0.5535054749440088,-0.1920532613425569,0.82,1.4997658407836418,0,0,0,0,0,0,1,0,1
-1,-0.3018227807324576,0.295544230742266,0.021184969465528,-0.2378763315822112,0.76,-6.671762777090143e-17,0,1,0,0,0,0,0,0,1
-1,-0.2972497082971173,-0.7561214084249587,0.3085301916702965,-0.2215865252270566,0.19,1.9605630517490804,1,0,1,0,0,1,0,0,0
1,-0.292676635861777,0.3021584800452045,0.595875413875065,-0.2186979337511551,0.8,0.4629721161114041,0,0,0,0,0,0,1,0,1
1,-0.2881035634264368,0.3087727293481431,0.8832206360798335,1.973729821555834e-17,0.8124027777777779,1.0389686298182028,1,1,0,1,0,0,0,1,0
-1,-0.2835304909910965,-0.9677773861189912,0.595875413875065,-0.2376070561056442,0.77,-0.993147070539383,0,0,0,0,0,0,1,0,1
1,-0.2789574185557563,-0.7164359126073275,1.170565858284602,1.973729821555834e-17,0.8124027777777779,1.4997658407836418,1,1,0,1,0,0,0,0,0
1,-0.274384346120416,0.3153869786510816,-0.8408506971487774,-0.1093040914071973,0.9,-0.2051838397884824,1,0,0,0,0,0,0,0,1
-1,-0.2698112736850757,0.3220012279540201,-0.8408506971487774,-0.1256564567114534,0.84,0.5781714188527639,1,1,0,1,0,1,0,0,0
1,-0.2652382012497354,0.3286154772569586,-0.5535054749440088,-0.1916534280591695,0.87,0.5781714188527639,0,0,0,0,0,0,1,0,1
1,-0.2606651288143952,0.3352297265598971,0.595875413875065,-0.1977379658478622,0.86,-0.5830375527801424,1,0,0,0,0,0,0,0,0
1,-0.2560920563790549,0.3418439758628356,0.3085301916702965,-0.1467225028327879,0.82,-0.1130243975953946,1,0,0,1,0,1,1,0,0
-1,-0.2515189839437147,0.3484582251657742,-1.4155411415583143,-0.197109656402539,0.69,-6.671762777090143e-17,0,0,0,0,0,1,0,0,1
1,-0.2469459115083744,-1.066991125663069,0.3085301916702965,-0.0607583469044758,0.82,0.5781714188527639,1,0,0,1,1,0,0,0,0
1,-0.2423728390730341,0.3550724744687127,-0.5535054749440088,-0.174302839523599,0.92,0.5781714188527639,0,0,0,1,0,1,0,0,1
-1,-0.2377997666376938,0.3616867237716512,0.021184969465528,0.2328362411372245,0.7,-1.2645566277980265,1,1,1,1,0,1,0,1,0
-1,-0.2332266942023536,0.3683009730745897,0.8832206360798335,-0.2359451640229927,0.78,-0.5830375527801424,1,1,0,1,0,1,0,0,1
1,-0.2286536217670133,0.3749152223775283,1.170565858284602,1.973729821555834e-17,0.8124027777777779,1.4997658407836418,1,1,0,0,0,0,0,0,0
-1,-0.224080549331673,0.3815294716804668,0.3085301916702965,-0.1997126526760209,0.8,0.1173742078873247,0,0,0,1,0,0,0,0,1
-1,-0.2195074768963328,0.3881437209834053,0.021184969465528,-0.1516809795376547,0.94,-0.3660020664154206,0,0,0,0,0,0,1,0,1
1,-0.2149344044609925,-1.2654186047512246,0.8832206360798335,-0.2388963144479957,0.8,-1.0806985406228162,1,0,0,0,0,0,0,0,0
1,-0.2103613320256522,0.3947579702863438,-2.27757680817262,0.934141100244588,0.9,-0.8042202140435529,1,0,1,0,1,0,0,0,1
1,-0.205788259590312,-0.4452516911868482,-0.2661602527392404,-0.2211214130402589,0.77,-6.671762777090143e-17,1,1,0,1,0,0,1,0,0
1,-0.2012151871549717,-0.9743916354219296,0.3085301916702965,0.0358761897770958,0.96,1.0389686298182028,1,1,0,1,1,0,0,0,0
1,-0.1966421147196314,-0.8156496521514053,0.021184969465528,0.4010654151339372,0.9,1.9605630517490804,1,1,0,1,0,1,0,0,1
-1,-0.1920690422842912,0.4013722195892824,0.595875413875065,-0.1942020252464761,0.8,1.4997658407836418,1,0,1,0,1,1,0,0,0
1,-0.1874959698489509,0.4079864688922209,0.8832206360798335,-0.2274752263055188,0.84,0.996114489198417,1,0,1,0,1,0,0,0,0
-1,-0.1829228974136106,0.4146007181951593,0.8832206360798335,-0.2328199365222292,0.54,0.1173742078873247,1,1,0,0,0,1,0,0,0
1,-0.1783498249782704,0.4212149674980979,-1.7028863637630829,-0.1676280716499057,0.8,0.5781714188527639,1,1,0,1,0,0,0,0,0
-1,-0.1737767525429301,-1.192661862418901,0.8832206360798335,-0.2383441637233177,0.35,-1.0346188195262724,1,1,0,0,0,0,0,0,0
-1,-0.1692036801075898,0.4278292168010364,0.3085301916702965,0.3706318463732385,0.98,-1.0346188195262724,1,0,0,0,0,0,0,0,0
1,-0.1646306076722496,0.4344434661039749,0.021184969465528,-0.1477180061097935,0.9,0.1173742078873247,0,1,0,1,0,0,1,0,1
-1,-0.1600575352369093,-0.7362786605161431,0.021184969465528,-0.2228377042090855,0.5,-0.3434230030781141,0,1,0,1,0,0,0,0,0
1,-0.155484462801569,0.4410577154069134,-1.4155411415583143,-0.2279104189949201,0.94,-0.0812293900387793,0,1,0,0,0,0,0,0,0
-1,-0.1509113903662288,-1.1331336186924543,0.8832206360798335,-0.2389670332600234,0.8,-0.5738216085608335,1,1,1,1,1,1,0,1,0
-1,-0.1463383179308885,-1.0934481228748232,-0.5535054749440088,-0.2324690624163994,0.67,-6.671762777090143e-17,0,0,0,0,0,0,0,0,1
1,-0.1417652454955482,-1.066991125663069,0.8832206360798335,-0.2334482459675524,0.83,1.0389686298182028,1,1,0,0,0,0,1,1,0
1,-0.137192173060208,0.447671964709852,0.021184969465528,-0.1838797986447377,0.88,-0.3660020664154206,0,0,0,1,0,0,0,0,1
1,-0.1326191006248677,0.4542862140127905,0.595875413875065,-0.1936036352985493,0.81,-0.3660020664154206,1,1,1,1,1,0,1,0,0
-1,-0.1280460281895274,0.460900463315729,0.595875413875065,-0.1278161004326076,0.41,0.1173742078873247,1,0,1,0,1,0,0,0,0
-1,-0.1234729557541872,-1.192661862418901,0.8832206360798335,-0.2386406387429724,0.45,-1.0346188195262724,1,1,0,0,0,0,0,0,0
-1,-0.1188998833188469,-0.8685636465749135,0.8832206360798335,-0.238531840570622,0.82,-0.7120607718504652,0,0,0,0,0,0,0,0,1
-1,-0.1143268108835066,-1.0934481228748232,-0.8408506971487774,-0.2328960952428745,0.58,-6.671762777090143e-17,0,0,0,0,0,0,0,0,1
1,-0.1097537384481664,0.4675147126186675,0.8832206360798335,-0.234196233402461,0.78,-0.3660020664154206,0,0,0,1,0,0,0,0,1
-1,-0.1051806660128261,0.4741289619216061,0.595875413875065,-0.2354038931155498,0.76,0.1173742078873247,0,0,0,0,0,0,0,0,1
-1,-0.1006075935774858,0.4807432112245446,0.8832206360798335,-0.2350910983700426,0.54,-0.1356034609327011,1,1,0,0,0,0,0,0,1
-1,-0.0960345211421456,-0.4783229377015408,-0.5535054749440088,0.0671583842821273,0.96,-0.2051838397884824,0,1,0,1,0,0,1,1,1
-1,-0.0914614487068053,0.4873574605274831,0.8832206360798335,-0.2340547957784056,0.99,-0.1356034609327011,1,1,1,0,0,0,0,0,0
-1,-0.086888376271465,0.4939717098304216,-0.5535054749440088,-0.2164458115835031,0.75,-0.8507607323510623,0,0,0,0,0,0,0,1,0
1,-0.0823153038361248,0.5005859591333601,0.595875413875065,-0.2219509991044303,0.94,-6.671762777090143e-17,0,1,0,0,0,0,0,0,0
1,-0.0777422314007845,-0.2666669600075081,0.021184969465528,-0.0121174040009477,0.9,0.1173742078873247,1,1,0,1,0,0,1,1,0
-1,-0.0731691589654442,-1.0471483777542534,0.8832206360798335,-0.2387956761385716,0.65,-6.671762777090143e-17,0,0,0,1,0,0,1,0,1
1,-0.068596086530104,-1.2455758568424091,0.8832206360798335,-0.2380313689778105,0.84,-0.8963796562366407,1,0,0,0,0,0,0,0,0
-1,-0.0640230140947637,0.5072002084362986,-0.8408506971487774,0.1302504444280892,0.97,-0.1130243975953946,1,1,0,0,0,0,0,0,0
1,-0.0594499416594234,0.5138144577392372,0.595875413875065,-0.1721078363964309,0.95,0.1173742078873247,0,0,0,1,0,0,1,0,1
-1,-0.0548768692240832,-0.6238364223661882,-0.5535054749440088,-0.1482266375655314,0.91,-0.818965724794447,0,1,0,1,0,0,1,0,1
-1,-0.0503037967887429,-1.2720328540541632,-4.001648141401231,0.1489066110318637,0.98,-0.8152793471067236,1,1,1,0,0,0,0,1,0
-1,-0.0457307243534026,0.5204287070421757,0.8832206360798335,-0.2376668951004369,0.83,-0.8152793471067236,0,0,0,0,1,0,0,0,0
1,-0.0411576519180624,-1.1199051200865773,-1.1281959193535458,0.1962338160042615,0.95,0.8085700243354833,0,0,0,0,0,1,0,0,0
-1,-0.0365845794827221,-1.0471483777542534,-1.7028863637630829,-0.0420722608033049,0.76,-0.3434230030781141,1,1,0,1,0,0,1,1,1
-1,-0.0320115070473818,0.5270429563451142,0.8832206360798335,-0.1577274379660248,0.63,-1.2645566277980265,1,1,1,0,0,1,0,0,0
1,-0.0274384346120416,-0.4187946939750941,1.170565858284602,1.973729821555834e-17,0.8124027777777779,-6.671762777090143e-17,1,1,0,0,0,0,0,0,0
1,-0.0228653621767013,0.5336572056480527,-1.4155411415583143,-0.1541942173189475,0.78,1.4997658407836418,1,0,0,1,0,0,0,0,0
1,-0.018292289741361,0.1368022474717415,0.595875413875065,-0.1960787937195195,0.75,0.5781714188527639,1,1,0,1,1,1,0,0,0
-1,-0.0137192173060208,0.4146007181951593,-1.7028863637630829,0.0842587370212919,0.78,-1.2645566277980265,1,1,0,0,0,1,0,0,0
1,-0.0091461448706805,0.5402714549509913,0.595875413875065,0.0794552977120244,0.93,-6.671762777090143e-17,1,1,1,0,0,0,0,0,1
-1,-0.0045730724353402,0.5468857042539298,0.8832206360798335,-0.214025052248708,0.78,0.1173742078873247,0,1,0,1,0,0,1,0,1
-1,0.0,0.5534999535568683,0.595875413875065,-0.2224705103774032,0.54,-1.2645566277980265,0,1,0,1,1,1,1,0,0
1,0.0045730724353402,0.5601142028598068,-0.2661602527392404,-0.122506749621911,0.89,-0.5738216085608335,0,0,0,0,0,0,0,0,1
-1,0.0091461448706805,0.5667284521627454,0.8832206360798335,-0.222990021650376,0.78,-1.2645566277980265,1,0,0,0,1,1,0,0,1
1,0.0137192173060208,0.5733427014656839,0.595875413875065,-0.2355915699628541,0.96,-6.671762777090143e-17,0,0,0,0,0,0,1,0,1
1,0.018292289741361,0.5799569507686224,0.8832206360798335,-0.1741586819452348,0.95,-1.0346188195262724,1,0,0,0,0,0,0,0,0
1,0.0228653621767013,-0.4518659404897867,0.8832206360798335,-0.2381673666932484,0.92,-0.4586223058194739,0,1,0,1,0,0,0,0,0
-1,0.0274384346120416,0.5865712000715609,0.595875413875065,-0.1939300298156003,0.78,1.4997658407836418,1,0,1,0,0,1,0,0,0
-1,0.0320115070473818,0.5931854493744995,0.3085301916702965,0.1209318809662826,0.79,1.4997658407836418,1,1,0,1,0,0,0,0,0
1,0.0365845794827221,0.5733427014656839,-0.2661602527392404,-0.2195492794497965,0.95,-1.0806985406228162,0,0,0,0,0,0,1,0,1
-1,0.0411576519180624,-0.7032074140014505,0.595875413875065,-0.2382788848199075,0.67,-6.671762777090143e-17,0,1,0,1,0,0,1,0,0
1,0.0457307243534026,0.599799698677438,0.8832206360798335,-0.2362769984486613,0.95,-0.8604374737813366,1,0,0,0,0,0,0,0,1
1,0.0503037967887429,0.6064139479803765,-1.4155411415583143,-0.1713707287787574,0.82,-6.671762777090143e-17,0,1,0,1,0,0,0,0,1
1,0.0548768692240832,-0.8553351479690364,0.8832206360798335,1.973729821555834e-17,0.8124027777777779,0.5781714188527639,1,1,1,0,0,0,0,0,0
-1,0.0594499416594234,-0.3328094530368933,0.021184969465528,-0.169877473863249,0.87,0.5781714188527639,1,1,0,1,0,0,0,0,0
1,0.0640230140947637,-0.074853730222291,0.3085301916702965,-0.1681747824659661,0.93,1.0389686298182028,1,1,0,1,0,0,0,1,0
-1,0.068596086530104,0.613028197283315,0.8832206360798335,-0.2319468311891177,0.76,-0.1356034609327011,0,1,0,1,0,0,1,1,1
1,0.0731691589654442,0.6196424465862536,0.8832206360798335,-0.2369243475741458,0.91,-0.6659810507539213,0,0,0,0,0,0,0,0,1
-1,0.0777422314007845,-1.1331336186924543,0.595875413875065,-0.2170605212572825,0.29,-6.671762777090143e-17,1,1,1,1,1,1,0,1,0
-1,0.0823153038361248,0.626256695889192,0.3085301916702965,0.1149071821723826,0.97,0.0252147656942369,1,1,0,1,0,0,0,1,0
1,0.086888376271465,0.6328709451921305,0.3085301916702965,-0.213687777914422,0.95,-6.671762777090143e-17,0,1,0,0,0,0,0,1,1
-1,0.0914614487068053,0.639485194495069,0.595875413875065,-0.2353766935724622,0.72,1.0389686298182028,0,0,0,0,0,0,1,0,1
-1,0.0960345211421456,0.6460994437980075,-0.2661602527392404,-0.2011052692821052,0.77,-1.2645566277980265,1,1,0,0,0,0,0,0,0
1,0.1006075935774858,0.6527136931009461,0.595875413875065,-0.1926543712447926,0.85,-0.1356034609327011,0,1,0,0,0,0,0,0,1
-1,0.1051806660128261,0.6593279424038846,0.021184969465528,-0.1946671374332738,0.83,0.1173742078873247,1,0,1,0,1,0,0,0,0
-1,0.1097537384481664,0.6659421917068231,0.021184969465528,-0.2110494222349263,0.82,-0.3683060524702478,0,1,0,0,0,0,0,1,1
1,0.1143268108835066,0.6725564410097616,0.8832206360798335,-0.2361518805504584,0.87,-0.3434230030781141,0,1,0,1,0,0,1,0,0
1,0.1188998833188469,0.6791706903127002,-3.4269576969916935,-0.1610104228166963,0.86,-0.3434230030781141,1,1,0,0,0,0,1,0,1
1,0.1234729557541872,0.5931854493744995,-1.7028863637630829,0.6210335599918541,0.95,-0.3434230030781141,1,0,1,1,1,1,0,0,0
1,0.1280460281895274,0.6857849396156387,0.595875413875065,-0.1946780172505089,0.95,0.0712944867907808,1,0,1,1,0,0,0,0,1
-1,0.1326191006248677,0.6923991889185772,0.595875413875065,-0.1777707812672661,0.71,1.4997658407836418,1,1,1,1,0,0,0,0,0
-1,0.137192173060208,-0.875177895877852,-1.4155411415583143,-0.0237261689907289,0.93,-0.1130243975953946,1,1,0,0,0,0,0,0,0
-1,0.1417652454955482,-0.7032074140014505,0.8832206360798335,-0.2385128008904607,0.71,-6.671762777090143e-17,0,1,0,1,0,0,1,0,0
1,0.1463383179308885,-0.4121804446721556,-0.8408506971487774,-0.0232583368496224,0.84,0.0252147656942369,1,1,1,0,1,0,0,0,0
1,0.1509113903662288,0.6990134382215157,-2.27757680817262,-0.1085071447947311,0.86,1.4997658407836418,1,0,0,0,0,0,0,0,1
-1,0.155484462801569,-0.7759641563337741,0.3085301916702965,-0.2387711965497928,0.17,-0.8042202140435529,1,1,0,0,0,0,0,0,0
-1,0.1600575352369093,-0.7759641563337741,0.3085301916702965,-0.2387031976920738,0.12,-0.8042202140435529,1,1,0,0,0,0,0,0,0
1,0.1646306076722496,-1.0471483777542534,0.021184969465528,-0.1685202166631785,0.89,1.4997658407836418,1,0,0,1,0,0,1,1,1
-1,0.1692036801075898,-0.7759641563337741,0.3085301916702965,-0.2388283155902767,0.15,-0.8042202140435529,1,1,0,0,0,0,0,0,0
-1,0.1737767525429301,-0.7759641563337741,0.3085301916702965,-0.2388065559558067,0.15,-0.8042202140435529,1,1,0,0,0,0,0,0,0
1,0.1783498249782704,0.7056276875244543,0.021184969465528,-0.0563792204673746,0.87,-1.2645566277980265,1,0,0,0,0,1,0,0,0
-1,0.1829228974136106,0.7122419368273928,0.021184969465528,-0.1648319586205019,0.96,-6.671762777090143e-17,1,0,0,0,0,0,0,0,0
1,0.1874959698489509,0.7188561861303313,-0.5535054749440088,-0.183504444950129,0.89,0.5781714188527639,0,0,0,1,0,0,1,0,1
1,0.1920690422842912,-0.696593164698512,0.8832206360798335,-0.2388745548135256,0.86,-1.0346188195262724,1,0,0,0,0,0,0,0,1
1,0.1966421147196314,-1.1992761117218396,0.8832206360798335,-0.2278261004113486,0.92,1.4997658407836418,0,1,0,0,0,0,0,0,0
1,0.2012151871549717,-0.6172221730632497,-1.7028863637630829,-0.0669108835508875,0.91,0.1173742078873247,1,1,0,1,0,0,1,1,0
1,0.205788259590312,-0.2865097079163237,-1.4155411415583143,0.1389978174850566,0.86,0.5781714188527639,1,0,1,1,0,1,0,0,0
-1,0.2103613320256522,0.7254704354332698,-1.9902315859678512,-0.1540391799233482,0.69,-0.0738566346633323,1,1,0,0,0,0,0,0,0
1,0.2149344044609925,0.7320846847362084,0.3085301916702965,-0.1970117380474237,0.82,1.0389686298182028,1,1,1,1,0,0,0,0,0
-1,0.2195074768963328,0.7386989340391469,0.8832206360798335,-0.2264525234854256,0.97,-1.228153648131757,0,1,0,0,0,0,0,0,0
1,0.224080549331673,0.7453131833420854,-1.4155411415583143,0.0428555925333701,0.92,0.1173742078873247,0,1,0,1,0,0,1,1,1
1,0.2286536217670133,-0.6502934195779423,-0.8408506971487774,0.0184766420639678,0.92,0.1173742078873247,0,0,0,0,0,0,0,0,1
-1,0.2332266942023536,-0.5246226828221104,0.8832206360798335,-0.2353712536638447,0.44,-0.5738216085608335,1,0,0,1,0,0,1,1,1
1,0.2377997666376938,0.7519274326450239,0.8832206360798335,-0.230682052435545,0.71,1.9605630517490804,0,0,0,1,0,1,1,0,0
-1,0.2423728390730341,0.7585416819479625,0.8832206360798335,-0.2214750071003975,0.74,1.0389686298182028,1,1,1,0,1,0,0,0,0
1,0.2469459115083744,0.765155931250901,0.8832206360798335,-0.2122353223135449,0.74,-0.1130243975953946,0,0,0,0,0,0,1,0,1
1,0.2515189839437147,0.7717701805538395,-0.2661602527392404,-0.1176924304954085,0.84,-1.2645566277980265,0,0,0,0,0,1,0,0,0
1,0.2560920563790549,0.778384429856778,0.8832206360798335,-0.2351808568622316,0.86,-0.6659810507539213,0,0,0,0,0,0,1,0,1
-1,0.2606651288143952,0.7849986791597166,-1.7028863637630829,-0.2075080417249227,0.92,0.0712944867907808,0,0,0,0,0,0,1,0,1
1,0.2652382012497354,-0.7759641563337741,-0.2661602527392404,0.0557536158655029,0.85,1.4997658407836418,1,1,1,1,0,0,0,0,0
-1,0.2698112736850757,0.7916129284626551,0.8832206360798335,-0.2307146918872502,0.96,-0.4355824452712019,0,1,0,1,0,0,0,0,0
-1,0.274384346120416,0.7982271777655936,0.021184969465528,0.0629288553320078,0.96,-0.3434230030781141,0,1,0,0,0,0,0,0,0
-1,0.2789574185557563,-1.027305629845438,-1.4155411415583143,-0.2384067226724192,0.46,-6.671762777090143e-17,1,1,0,0,0,0,0,0,0
1,0.2835304909910965,0.804841427068532,0.595875413875065,-0.1537209452692235,0.92,1.4997658407836418,1,1,0,0,0,0,0,0,0
1,0.2881035634264368,-0.0285539851017214,-3.4269576969916935,-0.1901819327781311,0.72,0.1173742078873247,1,1,0,1,0,0,1,0,1
1,0.292676635861777,-1.027305629845438,2.9083676188250215e-14,1.973729821555834e-17,0.8124027777777779,-6.671762777090143e-17,1,1,0,0,0,0,0,0,0
1,0.2972497082971173,0.8114556763714705,0.021184969465528,-0.2062813423316726,0.89,-1.0922184708969522,1,1,0,1,0,0,0,0,1
1,0.3018227807324576,-1.2125046103277164,-1.4155411415583143,0.4444514063129439,0.94,1.4997658407836418,1,1,0,1,0,1,0,0,0
1,0.3063958531677979,0.8180699256744091,0.595875413875065,-0.2154312686263362,0.93,-0.2051838397884824,0,0,0,1,0,0,1,0,1
-1,0.3109689256031381,0.8246841749773476,0.8832206360798335,-0.1697713956452074,0.8,0.0924911584951911,1,0,1,0,1,1,0,0,1
-1,0.3155419980384784,0.8312984242802861,0.595875413875065,-0.2180777841687582,0.42,1.9605630517490804,0,0,0,0,0,1,0,0,1
1,0.3201150704738186,0.8379126735832246,-0.2661602527392404,-0.1323339445394555,0.93,1.4997658407836418,1,1,0,1,0,0,0,0,0
1,0.3246881429091589,-1.027305629845438,-1.4155411415583143,-0.2378328123132711,0.87,-6.671762777090143e-17,1,1,0,0,0,0,0,0,0
1,0.3292612153444992,-1.027305629845438,2.9083676188250215e-14,1.973729821555834e-17,0.8124027777777779,-6.671762777090143e-17,1,1,0,0,0,0,0,0,0
-1,0.3338342877798395,-0.531236932125049,-0.5535054749440088,-0.2248695100777281,0.54,-0.5830375527801424,1,1,0,1,0,0,1,1,0
1,0.3384073602151797,0.8445269228861632,-0.5535054749440088,-0.2106251093627599,0.89,-1.0175693227205511,1,1,0,0,0,0,0,0,0
1,0.34298043265052,0.804841427068532,-0.2661602527392404,-0.1761714481337161,0.89,0.6703308610458517,1,0,0,0,1,1,0,0,0
1,0.3475535050858602,-0.9942343833307452,0.8832206360798335,-0.2372181026394917,0.81,-0.1130243975953946,0,0,0,0,0,0,1,1,1
-1,0.3521265775212005,0.8511411721891017,-0.8408506971487774,-0.1882779647620001,0.97,-1.1152583314452242,1,0,0,0,0,0,0,0,0
-1,0.3566996499565408,0.8577554214920402,0.3085301916702965,-0.1723689520100717,0.96,-0.8046810112545184,0,0,0,0,0,0,1,0,1
1,0.3612727223918811,0.8643696707949787,-1.4155411415583143,0.1891537749385631,0.94,-0.3434230030781141,1,1,0,1,0,0,1,0,1
-1,0.3658457948272213,0.8709839200979173,0.595875413875065,-0.2356514089576468,0.73,0.9928889087216588,0,0,0,0,0,0,1,1,1
-1,0.3704188672625615,0.8775981694008558,-0.2661602527392404,-0.1907993624062193,0.95,-0.389502724174658,1,1,0,0,0,0,1,0,1
1,0.3749919396979018,0.8842124187037943,0.3085301916702965,-0.2295723110775716,0.85,0.5781714188527639,1,1,0,0,0,0,0,0,0
-1,0.3795650121332421,0.8908266680067328,0.595875413875065,-0.2341527141335209,0.77,-0.1618689019577311,0,1,0,0,0,0,0,0,1
1,0.3841380845685824,0.3749152223775283,0.8832206360798335,-0.2137040976402745,0.9,1.9605630517490804,1,1,0,0,0,0,0,0,0
1,0.3887111570039226,0.8974409173096713,-0.8408506971487774,-0.1572623257792271,0.92,-0.8871637120173321,1,0,1,0,0,0,0,0,1
1,0.3932842294392629,0.90405516661261,0.8832206360798335,-0.2382761648655988,0.93,-0.5047020269160177,1,1,0,0,0,0,1,0,0
1,0.3978573018746032,-0.4187946939750941,0.8832206360798335,1.973729821555834e-17,0.8124027777777779,-6.671762777090143e-17,1,1,0,0,0,0,0,0,0
1,0.4024303743099434,0.9106694159155484,0.8832206360798335,1.973729821555834e-17,0.8124027777777779,-0.8042202140435529,0,1,0,0,0,0,0,0,0
1,0.4070034467452837,0.9172836652184868,-0.8408506971487774,-0.0250045475158454,0.94,-0.1356034609327011,0,0,0,0,0,0,1,0,1
-1,0.411576519180624,-1.0471483777542534,0.595875413875065,-0.2389126341738482,0.78,-6.671762777090143e-17,0,0,0,1,0,0,1,0,1
1,0.4161495916159642,-0.544465430730926,0.8832206360798335,1.973729821555834e-17,0.8124027777777779,-0.3434230030781141,1,0,1,0,0,0,0,0,0
1,0.4207226640513045,-1.1199051200865773,0.595875413875065,-0.2279947375784916,0.96,-0.8152793471067236,0,1,0,0,0,0,0,0,0
1,0.4252957364866448,-1.2588043554482862,0.8832206360798335,1.973729821555834e-17,0.8124027777777779,-6.671762777090143e-17,1,1,0,1,0,0,0,0,0
-1,0.429868808921985,0.9238979145214254,0.8832206360798335,0.0021052370795504,0.77,0.3016930922735005,1,1,0,0,0,0,0,0,0
1,0.4344418813573253,0.930512163824364,0.595875413875065,-0.0302594992403668,0.97,-1.0346188195262724,1,0,0,0,0,0,0,1,0
-1,0.4390149537926656,0.9371264131273024,-1.7028863637630829,-0.0010390301013743,0.91,-0.3434230030781141,1,1,0,1,0,0,1,0,0
1,0.4435880262280058,0.943740662430241,-0.8408506971487774,-0.0392190287334173,0.91,0.5781714188527639,1,1,0,0,0,0,0,0,0
1,0.4481610986633461,-0.2071387162810614,-1.1281959193535458,-0.0387511965923108,0.95,-0.5830375527801424,1,0,0,1,0,0,0,0,1
-1,0.4527341710986864,-1.1992761117218396,0.8832206360798335,-0.2332197698056167,0.27,0.3477728133700444,0,1,0,0,0,0,0,0,0
1,0.4573072435340267,-1.2455758568424091,0.8832206360798335,-0.2378246524503448,0.9,-6.671762777090143e-17,1,0,0,0,0,0,0,0,0
-1,0.4618803159693669,-1.066991125663069,0.8832206360798335,-0.2387956761385716,0.54,0.1173742078873247,1,1,0,1,0,1,1,0,0
-1,0.4664533884047072,0.5138144577392372,0.8832206360798335,-0.2384774414844469,0.78,-0.5738216085608335,0,0,0,1,0,0,1,0,1
-1,0.4710264608400474,0.9503549117331797,-0.2661602527392404,-0.2308778891457757,0.84,3.303786921713335,0,0,0,0,0,0,0,0,1
1,0.4755995332753877,0.956969161036118,0.3085301916702965,-0.17780614067328,0.92,-0.8042202140435529,1,1,0,1,0,0,0,1,0
1,0.480172605710728,0.9635834103390566,0.021184969465528,-0.213225385681933,0.84,-0.9208019084178092,1,1,0,0,1,0,0,0,0
1,0.4847456781460683,0.9701976596419952,-0.5535054749440088,-0.0647974790529821,0.94,-1.0346188195262724,1,0,0,0,0,0,0,0,0
1,0.4893187505814085,-0.3724949488545245,-0.8408506971487774,-0.1123395604157718,0.86,0.1173742078873247,1,1,0,0,0,0,0,0,0
1,0.4938918230167488,0.9768119089449336,0.8832206360798335,-0.2308996487802457,0.94,-0.9055956004559496,0,0,0,0,0,0,1,0,1
1,0.498464895452089,-1.0471483777542534,0.595875413875065,-0.2388446353161293,0.92,-6.671762777090143e-17,0,0,0,0,0,0,0,0,1
-1,0.5030379678874294,-0.0351682344046599,0.8832206360798335,-0.2381238474243083,0.9,-1.0023630147586915,1,1,1,0,0,0,0,0,0
-1,0.5076110403227696,-1.066991125663069,0.8832206360798335,-0.0621455236019426,0.6,1.730164446266361,1,1,0,1,1,0,0,0,0
1,0.5121841127581098,-0.3394237023398319,0.8832206360798335,1.973729821555834e-17,0.8124027777777779,-0.8502999351400968,1,0,0,0,0,0,0,0,0
-1,0.5167571851934502,-0.5709224279426801,0.595875413875065,-0.2299150253204751,0.38,-0.1130243975953946,1,0,0,0,0,1,0,0,0
1,0.5213302576287904,-1.066991125663069,0.8832206360798335,-0.2357602071299971,0.93,1.0389686298182028,1,0,0,0,0,0,0,0,0
-1,0.5259033300641307,0.983426158247872,-0.8408506971487774,-0.2202619074786913,0.82,0.6182607762067569,0,0,0,0,0,0,0,1,0
-1,0.5304764024994709,-0.7032074140014505,0.8832206360798335,-0.2387956761385716,0.34,-6.671762777090143e-17,0,1,0,1,0,0,1,0,0
1,0.5350494749348111,-0.4518659404897867,0.021184969465528,-0.1662028155921162,0.83,0.5781714188527639,0,0,0,1,1,0,0,0,0
1,0.5396225473701515,-0.9479346382101757,0.8832206360798335,-0.2386868779662213,0.91,-6.671762777090143e-17,0,0,0,0,0,0,1,0,1
1,0.5441956198054917,0.9900404075508106,-0.2661602527392404,-0.2255304589747565,0.92,-1.1912898712545217,1,1,0,0,0,0,0,0,0
-1,0.548768692240832,0.9966546568537492,0.8832206360798335,-0.232991293643681,0.52,-1.2645566277980265,0,0,0,0,1,1,0,1,0
-1,0.5533417646761722,1.0032689061566875,0.3085301916702965,-0.1415382699202942,0.83,-0.9424593773331846,0,1,1,0,1,0,0,1,0
-1,0.5579148371115126,1.009883155459626,0.595875413875065,-0.2212818903444757,0.67,-1.2645566277980265,1,1,0,0,1,1,0,0,1
1,0.5624879095468528,-0.2071387162810614,0.8832206360798335,-0.2388337554988942,0.76,-0.8106713749970691,1,0,0,1,0,1,1,0,1
-1,0.567060981982193,-0.7032074140014505,-0.8408506971487774,-0.110073838476576,0.87,0.0252147656942369,0,0,0,0,1,1,0,0,1
1,0.5716340544175333,1.0164974047625648,-1.1281959193535458,-0.1965112664546121,0.83,-0.3434230030781141,1,1,1,1,1,1,0,0,0
-1,0.5762071268528736,-1.066991125663069,0.021184969465528,-0.0333684070152778,0.95,0.5781714188527639,1,1,1,1,0,0,0,0,0
1,0.5807801992882139,1.0231116540655032,0.8832206360798335,-0.234522627919512,0.91,-6.671762777090143e-17,0,1,0,0,0,0,0,0,0
1,0.5853532717235541,1.0297259033684418,0.8832206360798335,-0.2031044356990427,0.95,-0.1356034609327011,1,1,0,0,0,0,0,0,0
1,0.5899263441588944,1.0363401526713802,0.3085301916702965,-0.2008251139883031,0.95,-0.3660020664154206,1,0,0,0,0,0,0,0,0
-1,0.5944994165942347,1.0429544019743189,0.8832206360798335,-0.2097955232985886,0.85,-0.1130243975953946,1,1,0,1,0,0,1,0,0
-1,0.5990724890295749,1.0495686512772573,-1.7028863637630829,0.0337519054619555,0.95,0.5781714188527639,0,1,0,1,0,0,1,1,1
-1,0.6036455614649152,1.056182900580196,0.8832206360798335,-0.2373812998980172,0.77,-0.5738216085608335,0,0,0,0,0,0,1,0,1
1,0.6082186339002554,1.0627971498831343,0.595875413875065,-0.2309540478664209,0.8,-0.3434230030781141,0,0,0,1,0,0,0,1,1
-1,0.6127917063355958,-0.4915514363074178,0.595875413875065,-0.2334700056020225,0.75,-0.9244882861055326,1,1,0,0,0,0,1,1,0
-1,0.617364778770936,-0.9942343833307452,0.8832206360798335,-0.2362470789512649,0.75,0.1173742078873247,0,0,0,0,0,0,0,0,1
1,0.6219378512062763,1.0694113991860728,0.8832206360798335,-0.2354392525215636,0.9,-0.9055956004559496,0,0,0,0,0,0,1,0,1
-1,0.6265109236416165,1.0760256484890114,0.3085301916702965,0.0785876322875304,0.77,-1.2645566277980265,1,0,0,0,0,0,0,0,0
-1,0.6310839960769568,-0.9942343833307452,0.595875413875065,-0.2351019781872776,0.68,-0.3434230030781141,0,0,0,0,0,0,0,0,1
-1,0.6356570685122971,-0.9347061396042988,0.8832206360798335,-0.2388500752247468,0.47,0.5781714188527639,0,1,0,0,0,0,0,0,1
-1,0.6402301409476373,-0.9347061396042988,-1.1281959193535458,-0.2377022545064507,0.66,0.5781714188527639,0,1,0,0,0,0,1,0,1
-1,0.6448032133829776,1.0826398977919498,0.8832206360798335,-0.2357765268558497,0.7,-0.3660020664154206,0,1,0,1,0,0,1,0,0
-1,0.6493762858183179,1.0892541470948884,-0.2661602527392404,0.0650205001954431,0.95,0.5781714188527639,0,1,0,0,0,0,0,1,0
-1,0.6539493582536581,0.8379126735832246,-1.4155411415583143,-0.0526311234299054,0.9,-0.3434230030781141,1,1,0,1,0,0,0,0,0
1,0.6585224306889984,1.0958683963978268,0.021184969465528,-0.1699209931321891,0.82,-6.671762777090143e-17,1,1,0,0,0,1,0,0,0
-1,0.6630955031243386,1.1024826457007657,0.8832206360798335,-0.2268550767231218,0.78,0.1173742078873247,0,0,0,1,0,0,1,0,1
1,0.667668575559679,0.5733427014656839,-1.4155411415583143,-0.1970634171792901,0.91,-0.767356437166318,0,0,0,0,0,0,1,0,1
-1,0.6722416479950192,1.109096895003704,0.021184969465528,-0.2312478029317668,0.93,-0.6659810507539213,1,0,0,0,0,0,0,0,1
1,0.6768147204303595,1.1157111443066423,0.3085301916702965,-0.2385835197024885,0.86,-6.671762777090143e-17,1,0,0,0,0,1,0,0,0
1,0.6813877928656997,1.122325393609581,-0.8408506971487774,-0.1435510361087755,0.93,-0.2051838397884824,0,0,0,0,0,0,0,0,1
-1,0.68596086530104,1.1289396429125196,0.8832206360798335,-0.2351046981415863,0.57,-1.2645566277980265,0,0,0,0,1,1,0,0,0
1,0.6905339377363803,1.135553892215458,-0.5535054749440088,0.0127484182897224,0.93,0.5781714188527639,0,1,0,1,0,0,0,0,0
1,0.6951070101717205,-1.2588043554482862,0.8832206360798335,1.973729821555834e-17,0.8124027777777779,-1.0346188195262724,1,1,0,1,0,0,0,0,0
-1,0.6996800826070608,0.0111315107159096,0.3085301916702965,-0.2353712536638447,0.68,-6.671762777090143e-17,0,1,0,0,0,0,0,0,1
1,0.704253155042401,1.1421681415183966,0.8832206360798335,-0.1631238273146016,0.85,-0.8042202140435529,1,0,0,0,1,0,0,1,0
1,0.7088262274777414,1.148782390821335,-0.2661602527392404,-0.2291180787080089,0.92,-6.671762777090143e-17,0,0,0,0,0,1,0,0,1
1,0.7133992999130816,-0.1608389711604918,0.3085301916702965,-0.1981649986743373,0.89,1.0389686298182028,1,1,0,0,0,0,0,0,0
1,0.7179723723484218,1.1553966401242737,0.595875413875065,-0.2288950424546907,0.93,-0.5263594958313934,1,0,0,0,0,0,0,0,0
-1,0.7225454447837621,-1.2521901061453475,0.595875413875065,-0.0020780526473201,0.57,1.9605630517490804,1,0,0,0,1,1,0,0,1
1,0.7271185172191024,1.162010889427212,0.8832206360798335,-0.224499596291737,0.86,-0.3660020664154206,1,1,0,0,0,0,0,0,0
-1,0.7316915896544427,1.1686251387301507,0.021184969465528,-0.2249511087069909,0.68,-0.6222053157122046,1,1,1,1,0,0,0,0,0
1,0.7362646620897829,1.1752393880330891,0.021184969465528,-0.0659752192686746,0.92,1.0389686298182028,1,1,0,1,0,0,0,0,0
-1,0.7408377345251231,1.1818536373360278,0.595875413875065,-0.1746645934466639,0.82,-0.1130243975953946,0,0,0,1,0,0,1,0,1
-1,0.7454108069604635,1.1884678866389662,-0.2661602527392404,-0.1519040157909728,0.77,-1.2645566277980265,0,0,0,0,0,1,0,0,0
1,0.7499838793958037,1.1950821359419048,0.8832206360798335,-0.2359451640229927,0.88,-1.1267782617193602,0,0,0,0,0,0,1,0,1
1,0.754556951831144,1.2016963852448432,0.021184969465528,-0.2106740685403176,0.86,-0.2051838397884824,0,0,0,0,1,1,0,1,0
1,0.7591300242664842,1.208310634547782,0.8832206360798335,-0.2280681763448281,0.86,-0.4586223058194739,0,0,1,1,0,0,1,0,1
-1,0.7637030967018246,-0.0880822288281681,0.8832206360798335,-0.2381619267846309,0.84,-0.7120607718504652,0,1,0,0,0,0,0,0,0
-1,0.7682761691371648,1.2149248838507205,-5.151029030220304,-0.1444078217160344,0.73,-1.2645566277980265,1,0,0,1,1,1,1,1,0
1,0.772849241572505,1.221539133153659,-1.1281959193535458,-0.0325850601743553,0.88,-6.671762777090143e-17,1,1,0,1,0,0,0,0,0
1,0.7774223140078453,1.228153382456597,0.021184969465528,-0.0258014941283116,0.83,-1.2645566277980265,1,1,0,0,0,0,0,0,0
1,0.7819953864431856,1.2347676317595355,0.8832206360798335,-0.2374873781160588,0.82,-0.9636560490375948,0,1,0,0,0,0,0,1,0
1,0.7865684588785259,1.2413818810624744,0.8832206360798335,-0.2373187409489158,0.83,-0.3660020664154206,1,0,0,0,0,0,1,1,0
1,0.7911415313138661,1.2479961303654128,-1.4155411415583143,-0.0476699267707299,0.84,1.0389686298182028,1,0,0,0,0,0,0,1,0
1,0.7957146037492064,1.2546103796683514,-0.5535054749440088,-0.206411900138493,0.94,-0.5738216085608335,0,1,0,1,0,0,1,0,1
-1,0.8002876761845467,0.4741289619216061,0.3085301916702965,-0.2304998154968582,0.45,0.1173742078873247,0,0,0,0,0,0,0,0,1
1,0.8048607486198869,1.2612246289712898,0.021184969465528,-0.1803465779976604,0.9,-1.2645566277980265,0,0,0,0,0,0,1,1,1
1,0.8094338210552272,-0.3129667051280778,0.3085301916702965,-0.2256392571471068,0.87,-0.5738216085608335,1,0,0,0,0,0,0,1,0
1,0.8140068934905674,1.2678388782742285,0.3085301916702965,-0.2237597687197547,0.8,0.5781714188527639,0,1,1,1,0,0,0,0,0
1,0.8185799659259078,1.2744531275771669,-0.2661602527392404,-0.1127421136534681,0.83,0.1173742078873247,1,0,0,1,0,0,1,0,1
1,0.823153038361248,-1.0471483777542534,0.595875413875065,-0.2389071942652307,0.84,-6.671762777090143e-17,0,0,0,0,0,0,0,0,1
-1,0.8277261107965883,-1.066991125663069,-1.1281959193535458,-0.0743281989508719,0.95,-0.3434230030781141,1,1,1,0,0,0,0,0,0
1,0.8322991832319285,1.2810673768801055,-0.5535054749440088,-0.1845543473133098,0.93,-0.1130243975953946,0,0,0,1,0,0,1,0,1
-1,0.8368722556672687,1.287681626183044,-1.1281959193535458,-0.2020926126961845,0.91,2.371594163930252,1,1,0,1,0,0,0,0,0
1,0.8414453281026091,1.2942958754859826,0.8832206360798335,-0.1927985288231568,0.91,0.5781714188527639,0,0,0,1,0,0,1,0,1
-1,0.8460184005379493,1.300910124788921,-1.7028863637630829,-0.180474415850172,0.96,0.0712944867907808,0,0,0,1,0,0,1,1,1
-1,0.8505914729732896,-1.2654186047512246,0.8832206360798335,-0.2388310355445855,0.79,-0.8042202140435529,1,0,0,1,1,1,0,0,0
-1,0.8551645454086299,-0.9479346382101757,0.595875413875065,-0.2379497703485477,0.67,-6.671762777090143e-17,0,0,0,0,0,0,0,0,1
-1,0.8597376178439701,-0.5246226828221104,0.595875413875065,-0.2380313689778105,0.79,-6.671762777090143e-17,1,0,0,0,0,0,1,1,1
-1,0.8643106902793104,-1.1463621172983314,0.8832206360798335,-0.2390023926660373,1.0,-0.0208649554023068,1,0,0,0,0,0,0,0,0
1,0.8688837627146506,1.3075243740918596,0.595875413875065,-0.2057618310586997,0.85,-0.8502999351400968,1,0,0,0,1,0,0,0,0
-1,0.873456835149991,1.314138623394798,-0.8408506971487774,-0.0354274124270079,0.95,-0.0208649554023068,0,1,0,1,0,0,1,0,1
-1,0.8780299075853312,1.320752872697737,0.595875413875065,-0.2198375946065249,0.87,-0.5738216085608335,1,1,0,0,0,1,1,0,0
-1,0.8826029800206715,1.327367122000675,-0.8408506971487774,0.7009594173547223,0.84,-1.2645566277980265,1,1,1,0,0,1,0,0,0
1,0.8871760524560117,-0.5709224279426801,0.8832206360798335,-0.2365897931941685,0.87,-0.8502999351400968,1,0,0,0,0,0,0,0,0
1,0.8917491248913519,1.3339813713036135,0.021184969465528,-0.2286584064298287,0.89,0.6182607762067569,0,0,0,0,0,1,0,1,0
1,0.8963221973266923,1.340595620606552,-1.4155411415583143,-0.2080819520840707,0.92,-0.6659810507539213,0,0,0,0,1,1,0,0,1
1,0.9008952697620324,0.1500307460776186,-2.8522672525821564,-0.1485693518084349,0.91,0.1173742078873247,1,0,0,0,0,0,0,0,0
-1,0.9054683421973728,1.3472098699094908,-2.8522672525821564,-0.1998024111682099,0.92,0.3938525344665883,1,1,0,0,0,0,0,1,0
1,0.910041414632713,-0.5709224279426801,0.8832206360798335,-0.236189959910781,0.89,-0.8502999351400968,1,0,0,0,0,1,0,0,0
1,0.9146144870680534,1.3538241192124292,0.3085301916702965,-0.2051552812478466,0.91,-0.4355824452712019,0,1,0,0,0,0,0,0,0
-1,0.9191875595033936,1.3604383685153678,0.595875413875065,-0.1112270991034896,0.93,0.3477728133700444,1,0,0,0,0,0,0,1,1
1,0.9237606319387338,1.3670526178183062,-0.2661602527392404,-0.0628771913109986,0.95,-0.389502724174658,1,0,0,1,0,0,1,0,0
-1,0.928333704374074,1.3736668671212449,-0.5535054749440088,-0.2123060411255727,0.61,0.5781714188527639,1,1,0,1,0,0,0,0,0
-1,0.9329067768094144,1.3802811164241833,-2.27757680817262,-0.0642126888765991,0.97,-0.8152793471067236,0,1,0,0,0,0,0,0,1
1,0.9374798492447548,-0.9942343833307452,2.9083676188250215e-14,1.973729821555834e-17,0.8124027777777779,-6.671762777090143e-17,0,0,0,0,0,0,0,0,1
1,0.9420529216800948,1.386895365727122,0.3085301916702965,-0.2291153587537001,0.81,-0.2512635608850264,1,0,0,0,0,0,0,0,0
1,0.9466259941154352,1.3935096150300603,0.021184969465528,-0.2083213080632415,0.91,-0.3434230030781141,1,1,0,0,0,0,0,0,0
-1,0.9511990665507756,1.400123864332999,0.3085301916702965,-0.1870077460998099,0.51,-1.2645566277980265,1,0,0,0,1,1,0,0,0
1,0.9557721389861156,0.639485194495069,0.8832206360798335,1.973729821555834e-17,0.8124027777777779,-6.671762777090143e-17,0,0,0,0,0,0,1,0,1
-1,0.960345211421456,-0.9347061396042988,-1.7028863637630829,-0.2384475219870505,0.46,0.5781714188527639,0,0,0,0,0,0,0,0,1
1,0.9649182838567962,1.4067381136359374,-0.2661602527392404,-0.2273609882245509,0.93,-0.6019302384297253,1,0,0,0,0,0,0,0,1
-1,0.9694913562921366,-0.9148633916954833,-0.8408506971487774,-0.060823625807886,0.96,-0.5830375527801424,0,1,0,0,0,0,0,0,0
-1,0.9740644287274768,-0.0682394809193525,-1.4155411415583143,-0.2387031976920738,0.41,-6.671762777090143e-17,1,0,0,0,0,0,0,0,1
1,0.978637501162817,-1.0471483777542534,-0.2661602527392404,-0.2382217657794236,0.83,-6.671762777090143e-17,0,0,0,0,0,0,1,0,1
-1,0.9832105735981572,1.4133523629388758,0.8832206360798335,-0.2305569345373422,0.62,0.5781714188527639,0,1,0,0,0,0,0,0,0
-1,0.9877836460334976,1.4199666122418144,-0.5535054749440088,-0.2104945515559395,0.96,0.0712944867907808,0,0,0,1,0,0,1,1,1
-1,0.992356718468838,1.4265808615447528,0.595875413875065,0.0850529636794494,0.88,-0.5830375527801424,1,0,1,0,0,1,0,0,0
1,0.996929790904178,1.4331951108476917,0.3085301916702965,-0.1661620162774849,0.91,-0.3660020664154206,0,0,0,0,0,0,1,0,1
1,1.0015028633395184,1.43980936015063,-0.2661602527392404,0.2157114088092811,0.91,0.5781714188527639,1,1,1,0,0,0,0,1,0
1,1.0060759357748588,1.4464236094535683,0.8832206360798335,-0.2345851868686135,0.84,-0.8152793471067236,0,1,0,0,0,0,0,0,0
1,1.0106490082101989,1.453037858756507,0.595875413875065,-0.2284516899023631,0.93,-6.671762777090143e-17,1,1,0,0,0,0,0,1,0
1,1.0152220806455392,1.4596521080594456,0.8832206360798335,-0.1861101611779196,0.83,0.0712944867907808,1,0,0,1,0,0,1,0,1
1,1.0197951530808795,-1.0471483777542534,0.3085301916702965,-0.2384937612102994,0.93,-6.671762777090143e-17,0,0,0,0,0,0,1,0,1
-1,1.0243682255162196,-1.066991125663069,-0.5535054749440088,0.0593738750504604,0.96,0.5781714188527639,1,1,0,0,0,0,0,0,0
1,1.02894129795156,-0.8685636465749135,0.021184969465528,-0.2332877686633357,0.76,-0.4355824452712019,0,0,0,1,0,0,0,0,1
-1,1.0335143703869003,1.466266357362384,0.8832206360798335,-0.2370113861120261,0.96,-0.1356034609327011,0,1,0,1,0,0,0,0,1
-1,1.0380874428222404,1.3736668671212449,-1.4155411415583143,-0.1340556756168996,0.72,-6.671762777090143e-17,1,0,0,0,0,1,0,0,0
1,1.0426605152575807,-1.2588043554482862,0.8832206360798335,1.973729821555834e-17,0.8124027777777779,-6.671762777090143e-17,1,1,0,1,0,0,0,0,0
-1,1.047233587692921,1.4728806066653226,-1.9902315859678512,-0.2121374039584296,0.79,-6.671762777090143e-17,0,1,0,0,1,1,0,0,0
-1,1.0518066601282614,-1.1331336186924543,0.3085301916702965,-0.2321181883105695,0.72,-6.671762777090143e-17,1,1,1,1,1,1,0,1,0
1,1.0563797325636015,1.479494855968261,0.8832206360798335,-0.2289739211296447,0.89,0.3477728133700444,1,0,0,0,0,0,0,1,0
1,1.0609528049989418,-1.0471483777542534,0.595875413875065,-0.2388636749962906,0.85,-6.671762777090143e-17,0,0,0,0,0,0,0,0,1
1,1.0655258774342822,1.4861091052711997,-0.2661602527392404,-0.0685428561361426,0.86,0.5781714188527639,1,1,0,1,0,0,0,0,0
1,1.0700989498696225,1.492723354574138,0.595875413875065,-0.2062514228342763,0.91,-0.2512635608850264,1,0,1,0,0,0,0,1,0
1,1.0746720223049626,1.4993376038770767,0.021184969465528,-0.1297282283116649,0.87,0.5781714188527639,1,0,1,0,1,0,0,0,0
1,1.079245094740303,1.5059518531800151,0.021184969465528,-0.0587455807159945,0.96,-1.0346188195262724,0,0,0,0,0,0,0,0,1
-1,1.0838181671756433,1.5125661024829538,-0.2661602527392404,-0.2308017304251304,0.76,-1.0742473796693002,1,1,0,0,0,0,0,0,0
1,1.0883912396109834,1.5191803517858922,-1.7028863637630829,-0.2072251664768118,0.97,-0.5830375527801424,0,0,0,0,0,0,0,0,1
1,1.0929643120463235,1.5257946010888308,-0.2661602527392404,-0.1795686710653554,0.86,-0.5830375527801424,0,1,0,1,0,0,1,0,1
-1,1.097537384481664,1.5324088503917692,0.595875413875065,-0.2036511465151032,0.75,-1.2645566277980265,0,0,0,0,0,1,0,0,0
-1,1.1021104569170042,1.539023099694708,-1.1281959193535458,-0.027362747901539,0.8,1.0389686298182028,1,1,1,1,0,1,1,0,0
1,1.1066835293523445,1.5456373489976465,-1.1281959193535458,-0.1601101179404972,0.69,1.4997658407836418,1,0,1,1,0,0,0,0,0
1,1.1112566017876848,-1.0934481228748232,-3.139612474786925,0.0907349482304459,0.96,0.1173742078873247,0,0,0,0,0,0,0,0,1
1,1.1158296742230251,-1.066991125663069,0.595875413875065,-0.2226282677273111,0.95,-0.8042202140435529,1,1,0,0,0,0,0,0,0
-1,1.1204027466583653,1.552251598300585,0.8832206360798335,-0.2289412816779396,0.36,1.0389686298182028,0,0,0,1,0,0,0,0,1
-1,1.1249758190937056,1.558865847603523,-0.5535054749440088,-0.1539303817509979,0.87,-1.0346188195262724,0,1,0,0,1,0,0,1,0
-1,1.129548891529046,1.565480096906462,0.021184969465528,0.0888037806712273,0.85,-6.671762777090143e-17,1,0,0,0,0,1,0,0,0
1,1.134121963964386,1.5720943462094004,0.021184969465528,-0.2251360655999865,0.81,-6.671762777090143e-17,1,1,0,0,0,0,0,0,0
-1,1.1386950363997264,-0.9942343833307452,0.3085301916702965,-0.2321372279907308,0.37,-0.3434230030781141,0,0,0,0,0,0,0,0,1
-1,1.143268108835067,1.578708595512339,-0.8408506971487774,-0.2262050076433286,0.77,-1.2645566277980265,1,0,0,0,0,0,0,0,1
1,1.147841181270407,-1.0471483777542534,0.3085301916702965,-0.2387603167325578,0.88,-6.671762777090143e-17,0,0,0,0,0,0,0,0,1
1,1.1524142537057471,0.0905025023511719,0.595875413875065,-0.2378763315822112,0.88,0.0712944867907808,1,1,0,1,1,0,1,0,1
-1,1.1569873261410877,1.5853228448152774,-0.2661602527392404,-0.1815841572081455,0.97,-0.4355824452712019,1,1,0,1,0,0,1,0,1
-1,1.1615603985764278,1.009883155459626,-1.1281959193535458,-0.2348109430762404,0.65,-1.2645566277980265,1,0,0,0,0,1,0,0,0
-1,1.166133471011768,-0.8685636465749135,-0.5535054749440088,-0.23067117261831,0.86,-0.4355824452712019,1,1,0,1,0,0,0,0,1
-1,1.1707065434471082,-0.544465430730926,0.8832206360798335,-0.2390078325746548,0.68,-0.3434230030781141,1,0,1,0,0,0,0,0,0
-1,1.1752796158824486,1.5919370941182158,0.3085301916702965,-0.187266141759142,0.96,-0.3434230030781141,1,1,0,0,0,0,0,1,0
-1,1.179852688317789,0.1500307460776186,-0.5535054749440088,-0.081500718463068,0.82,1.4997658407836418,1,0,0,0,0,0,1,0,1
-1,1.184425760753129,-0.5709224279426801,0.595875413875065,-0.2311988437542091,0.62,-0.1130243975953946,1,0,0,0,0,0,0,0,0
1,1.188998833188469,1.5985513434211545,-0.5535054749440088,0.0189254345249129,0.89,0.1173742078873247,1,1,1,1,0,0,0,1,0
1,1.1935719056238097,1.6051655927240929,-1.1281959193535458,-0.2195873588101191,0.83,-6.671762777090143e-17,1,1,1,0,0,0,0,1,0
1,1.1981449780591498,-0.8685636465749135,0.8832206360798335,-0.2384475219870505,0.83,-0.7120607718504652,0,0,0,0,0,0,0,0,1
1,1.20271805049449,1.6117798420270315,0.8832206360798335,-0.2339731971491428,0.88,-0.8963796562366407,0,0,0,0,1,0,0,1,0
1,1.2072911229298304,-1.1463621172983314,0.8832206360798335,1.973729821555834e-17,0.8124027777777779,0.8085700243354833,1,0,0,0,0,0,0,0,0
-1,1.2118641953651708,1.61839409132997,0.8832206360798335,-0.195115929894219,0.62,-1.2645566277980265,1,0,1,0,0,1,0,1,0
-1,1.2164372678005109,1.6250083406329086,0.021184969465528,-0.1634883011919753,0.93,-0.3434230030781141,0,0,0,0,0,0,0,0,1
-1,1.2210103402358512,-0.9479346382101757,0.8832206360798335,-0.2382924845914513,0.42,-6.671762777090143e-17,0,0,0,0,0,0,0,0,1
1,1.2255834126711915,1.631622589935847,-1.4155411415583143,-0.2139951327513117,0.87,-6.671762777090143e-17,0,1,0,1,0,0,0,0,1
-1,1.2301564851065316,-1.0206913805424995,0.021184969465528,-0.238825595635968,0.72,-6.671762777090143e-17,1,1,0,0,0,0,0,0,1
1,1.234729557541872,1.6382368392387856,-1.9902315859678512,-0.1259393319595643,0.92,0.5781714188527639,1,1,1,0,0,0,0,1,0
-1,1.2393026299772123,1.644851088541724,0.8832206360798335,-0.2274806662141363,0.42,-1.2645566277980265,1,0,0,0,1,1,0,0,0
1,1.2438757024125526,1.6514653378446629,0.021184969465528,-0.134738384148398,0.93,-1.2645566277980265,0,0,0,0,0,0,0,0,1
-1,1.2484487748478927,-0.9743916354219296,0.8832206360798335,-0.2389670332600234,0.87,-6.671762777090143e-17,1,1,0,1,1,0,0,0,0
-1,1.253021847283233,-0.9810058847248684,0.8832206360798335,-0.2384121625810367,0.45,0.5781714188527639,1,1,0,1,1,1,0,0,0
1,1.2575949197185734,1.658079587147601,0.8832206360798335,1.973729821555834e-17,0.8124027777777779,1.9605630517490804,1,1,1,1,0,0,0,0,0
1,1.2621679921539135,-1.0471483777542534,0.3085301916702965,-0.2388147158187329,0.94,-6.671762777090143e-17,0,0,0,0,0,0,0,0,1
1,1.2667410645892538,1.6646938364505397,-0.5535054749440088,0.0259510765044361,0.84,1.9605630517490804,1,1,0,1,0,1,0,0,0
-1,1.2713141370245942,1.671308085753478,0.8832206360798335,-0.2238223276688561,0.95,-0.1356034609327011,0,1,0,1,0,0,1,0,1
1,1.2758872094599345,1.6779223350564167,0.8832206360798335,-0.2191603259836441,0.95,-0.3660020664154206,1,1,0,0,0,0,0,0,0
-1,1.2804602818952746,1.6845365843593552,0.8832206360798335,-0.2356568488662643,0.63,1.9605630517490804,1,1,0,1,0,0,0,1,0
-1,1.285033354330615,1.6911508336622938,0.3085301916702965,-0.2030717962473376,0.86,-0.1130243975953946,0,1,0,0,0,0,1,0,1
-1,1.2896064267659553,-0.9942343833307452,0.8832206360798335,-0.2336087232717692,0.3,-0.5738216085608335,1,0,0,1,0,0,1,0,1
-1,1.2941794992012954,1.6977650829652322,0.3085301916702965,-0.2290364800787462,0.64,-0.9055956004559496,0,0,0,0,0,0,0,0,1
1,1.2987525716366357,-0.7362786605161431,-0.8408506971487774,-0.2171094804348402,0.74,1.4997658407836418,1,1,0,1,0,0,0,0,0
-1,1.303325644071976,-1.2720328540541632,-3.714302919196462,-0.1068615724379322,0.96,-0.8152793471067236,1,1,1,0,0,0,0,0,0
-1,1.3078987165073162,1.7043793322681708,0.595875413875065,-0.2376043361513354,0.58,-0.6659810507539213,0,0,0,0,0,0,0,0,1
1,1.3124717889426565,1.7109935815711093,0.595875413875065,-0.231696595392712,0.93,-1.0747081768802655,0,0,0,0,0,0,1,0,1
1,1.3170448613779968,-1.0471483777542534,0.021184969465528,-0.2386923178748388,0.9,-6.671762777090143e-17,0,0,0,0,0,0,1,0,1
1,1.3216179338133371,-0.4452516911868482,0.8832206360798335,1.973729821555834e-17,0.8124027777777779,-1.0346188195262724,1,0,0,0,0,0,0,0,1
1,1.3261910062486773,-1.0471483777542534,0.3085301916702965,-0.2388691149049081,0.97,-6.671762777090143e-17,0,0,0,0,0,0,0,0,1
1,1.3307640786840176,1.717607830874048,0.3085301916702965,-0.2343730304325303,0.74,0.5781714188527639,0,0,0,1,0,1,0,0,0
1,1.335337151119358,1.7242220801769863,0.021184969465528,-0.1590411758971551,0.83,-1.1267782617193602,0,0,0,0,1,1,0,0,0
-1,1.339910223554698,-0.9479346382101757,0.595875413875065,-0.2384774414844469,0.45,-6.671762777090143e-17,0,0,0,0,0,0,0,0,1
1,1.3444832959900384,1.730836329479925,0.021184969465528,-0.0805786539523989,0.86,0.3016930922735005,1,1,0,0,0,0,0,0,0
-1,1.349056368425379,-0.4915514363074178,0.8832206360798335,-0.2389996727117285,0.89,-1.1267782617193602,0,1,0,0,0,0,1,0,1
1,1.353629440860719,1.7374505787828634,0.8832206360798335,1.973729821555834e-17,0.8124027777777779,0.5781714188527639,0,0,0,0,1,1,0,1,0
-1,1.3582025132960591,-1.066991125663069,-0.5535054749440088,-0.0011124688677108,0.96,0.1173742078873247,1,1,0,0,0,0,0,0,0
-1,1.3627755857313997,-0.9347061396042988,0.595875413875065,-0.2385971194740322,0.34,0.5781714188527639,0,1,0,0,0,0,1,0,1
-1,1.3673486581667398,1.744064828085802,0.595875413875065,-0.2307228517501764,0.83,-1.0691786103486802,0,0,0,0,1,0,1,0,1
1,1.37192173060208,1.7506790773887404,0.021184969465528,-0.2317455545702696,0.84,-0.430513675950582,0,1,0,0,0,0,0,0,0
-1,1.3764948030374202,1.7572933266916788,0.595875413875065,-0.232101868584717,0.6,-6.671762777090143e-17,0,1,0,1,1,1,0,0,0
-1,1.3810678754727606,-1.0206913805424995,-0.2661602527392404,-0.2388283155902767,0.73,-6.671762777090143e-17,1,1,0,0,0,0,0,0,1
1,1.3856409479081009,-0.8685636465749135,0.3085301916702965,-0.2373541003549296,0.87,-0.4355824452712019,0,0,0,1,0,0,0,0,1
1,1.390214020343441,1.7639075759946174,0.8832206360798335,-0.2338616790224837,0.89,-0.3434230030781141,0,0,0,0,0,0,1,0,1
1,1.394787092778781,1.770521825297556,0.3085301916702965,-0.2301924606599685,0.82,2.3292008205214314,0,0,0,1,0,0,0,0,1
-1,1.3993601652141217,1.7771360746004945,-0.5535054749440088,-0.2269176356722233,0.8,0.0003317163021033,0,0,0,0,0,1,0,1,0
-1,1.4039332376494618,1.783750323903433,0.595875413875065,-0.2131410670983615,0.7,-0.1130243975953946,0,1,0,1,0,1,0,0,0
-1,1.408506310084802,1.7903645732063715,-0.5535054749440088,-0.1697251564219585,0.7,-1.2645566277980265,1,0,0,0,1,0,1,0,0
-1,1.4130793825201424,-0.4915514363074178,0.8832206360798335,-0.2390105525289635,0.93,-1.1267782617193602,0,1,0,0,0,0,1,0,1
1,1.4176524549554828,1.79697882250931,0.595875413875065,-0.2287753644651053,0.96,-1.118023114711017,1,1,0,1,1,0,1,0,0
1,1.4222255273908229,1.8035930718122488,0.8832206360798335,-0.2370712251068187,0.94,-0.5830375527801424,1,0,0,0,0,0,0,0,0
1,1.4267985998261632,1.810207321115187,-0.5535054749440088,-0.1669236034839372,0.75,-0.1130243975953946,1,0,1,1,1,0,1,1,0
1,1.4313716722615035,1.8168215704181256,0.021184969465528,-0.2061235849817646,0.9,-0.8152793471067236,0,1,0,0,0,0,0,0,0
1,1.4359447446968436,-0.5709224279426801,0.8832206360798335,-0.2369977863404823,0.9,-0.8502999351400968,1,0,0,0,0,0,0,0,0
1,1.440517817132184,-1.0471483777542534,0.021184969465528,-0.2387902362299541,0.89,-6.671762777090143e-17,0,0,0,0,0,0,1,0,1
-1,1.4450908895675243,1.823435819721064,-1.1281959193535458,-0.1957415193852335,0.98,-0.0669446764988507,1,0,0,0,0,0,1,0,1
1,1.4496639620028646,1.8300500690240027,-1.1281959193535458,-0.1174122752016064,0.94,-0.3434230030781141,1,1,0,0,0,0,0,0,0
-1,1.4542370344382047,1.836664318326941,0.021184969465528,-0.2294716727681475,0.74,0.5781714188527639,0,0,0,0,0,1,0,0,1
-1,1.458810106873545,1.8432785676298795,-0.8408506971487774,-0.0339749568261309,0.78,1.0389686298182028,1,1,0,1,0,0,1,0,1
-1,1.4633831793088854,1.8498928169328184,0.595875413875065,-0.194395142002398,0.72,-0.3660020664154206,1,0,0,0,0,1,0,0,0
-1,1.4679562517442255,1.8565070662357568,-1.1281959193535458,-0.162838232112182,0.94,-0.1356034609327011,1,1,0,1,0,0,0,0,1
1,1.4725293241795658,1.8631213155386952,-1.7028863637630829,-0.0849278608921037,0.9,-0.1130243975953946,0,0,0,0,0,0,1,0,1
-1,1.4771023966149062,-0.1079249767369836,0.021184969465528,-0.1696544376099308,0.95,-1.0115789589780004,1,0,0,0,0,1,0,0,0
1,1.4816754690502465,1.8697355648416336,-3.714302919196462,-0.086298717863718,0.92,-0.3434230030781141,0,1,0,1,0,0,1,1,1
1,1.4862485414855866,-0.696593164698512,0.595875413875065,-0.2388881545850694,0.81,-1.0346188195262724,1,0,0,0,0,0,0,0,1
1,1.490821613920927,0.2492444856216964,0.021184969465528,-0.2266646799215088,0.91,-0.6199013296573774,1,1,0,1,0,0,0,1,0
-1,1.4953946863562673,-0.9347061396042988,-1.1281959193535458,-0.2383713632664053,0.66,-0.3434230030781141,0,0,0,0,0,0,0,0,1
1,1.4999677587916074,1.876349814144572,0.8832206360798335,-0.2075515609938628,0.82,0.1173742078873247,1,1,0,0,0,0,1,1,1
-1,1.5045408312269477,1.8829640634475109,-0.8408506971487774,-0.213709537548892,0.93,-6.671762777090143e-17,0,0,0,0,0,0,0,0,1
-1,1.509113903662288,1.8895783127504493,-1.4155411415583143,-0.1471168962075579,0.96,-0.6659810507539213,1,0,0,0,0,1,0,0,0
1,1.513686976097628,1.896192562053388,0.595875413875065,-0.2067573343357054,0.92,0.5781714188527639,1,0,0,0,0,0,0,0,0
-1,1.5182600485329685,-1.066991125663069,0.8832206360798335,-0.2388092759101154,0.74,1.0389686298182028,1,1,0,1,0,1,1,0,0
-1,1.5228331209683088,-1.0206913805424995,-0.5535054749440088,-0.2385943995197235,0.58,-6.671762777090143e-17,1,1,0,0,0,0,0,0,1
1,1.5274061934036491,1.9028068113563263,-0.8408506971487774,-0.1499483686429755,0.86,-0.3660020664154206,0,1,0,0,0,0,1,0,1
-1,1.5319792658389892,-0.8685636465749135,-1.7028863637630829,-0.2265014826629832,0.95,-0.4355824452712019,0,1,0,1,0,0,0,0,1
1,1.5365523382743296,1.909421060659265,0.595875413875065,-0.2353821334810797,0.87,-0.8747221873212652,0,0,0,0,0,1,0,0,0
1,1.54112541070967,1.9160353099622032,0.3085301916702965,-0.1666271284642826,0.94,-0.2512635608850264,0,1,0,0,0,0,0,0,0
-1,1.54569848314501,1.922649559265142,0.595875413875065,-0.2322677857975512,0.54,1.4997658407836418,1,1,0,1,0,1,0,0,0
1,1.5502715555803503,-1.027305629845438,2.9083676188250215e-14,1.973729821555834e-17,0.8124027777777779,-6.671762777090143e-17,1,1,0,0,0,0,0,0,0
1,1.554844628015691,1.9292638085680804,0.595875413875065,-0.1993128193926334,0.95,-6.671762777090143e-17,1,0,1,0,0,0,0,1,0
-1,1.559417700451031,-0.9347061396042988,0.595875413875065,-0.2383740832207141,0.47,0.5781714188527639,0,0,0,0,0,0,0,0,1
-1,1.5639907728863711,1.9358780578710189,0.595875413875065,-0.1814590393099426,0.71,1.4997658407836418,1,1,1,1,1,0,1,0,0
-1,1.5685638453217114,1.9424923071739577,0.8832206360798335,-0.2380177692062667,0.8,-6.671762777090143e-17,1,1,1,0,0,0,0,0,0
1,1.5731369177570518,1.949106556476896,0.595875413875065,-0.2277961809139523,0.9,-0.8152793471067236,0,0,0,0,0,0,0,0,1
1,1.577709990192392,-1.0471483777542534,0.021184969465528,-0.23866783828606,0.86,-6.671762777090143e-17,0,0,0,0,0,0,1,0,1
1,1.5822830626277322,-1.1397478679953927,0.021184969465528,-0.2349659804718397,0.84,-0.6659810507539213,1,1,0,0,0,0,0,0,0
1,1.5868561350630723,1.9557208057798343,0.595875413875065,-0.2263546051303103,0.8,-1.0581194772855098,0,0,0,1,0,0,0,0,0
1,1.5914292074984129,1.962335055082773,-2.27757680817262,-0.1356577287047584,0.77,-6.671762777090143e-17,1,1,0,1,1,1,0,0,0
1,1.596002279933753,1.9689493043857116,0.8832206360798335,-0.2357792468101585,0.83,0.1173742078873247,0,1,0,0,0,0,0,0,0
1,1.600575352369093,-1.027305629845438,2.9083676188250215e-14,1.973729821555834e-17,0.8124027777777779,-6.671762777090143e-17,1,1,0,0,0,0,0,0,0
1,1.6051484248044336,1.8300500690240027,0.021184969465528,-0.1511832278991518,0.94,-6.671762777090143e-17,1,1,0,0,0,0,0,0,0
1,1.6097214972397738,-1.027305629845438,2.9083676188250215e-14,1.973729821555834e-17,0.8124027777777779,-6.671762777090143e-17,1,1,0,0,0,0,0,0,0
1,1.614294569675114,1.97556355368865,0.595875413875065,-0.2279865777155654,0.9,-0.3434230030781141,1,1,0,1,0,0,1,0,1
1,1.6188676421104544,-1.027305629845438,2.9083676188250215e-14,1.973729821555834e-17,0.8124027777777779,-6.671762777090143e-17,1,1,0,0,0,0,0,0,0
1,1.6234407145457947,1.9821778029915889,-2.5649220303773883,-0.1530409566920339,0.92,-6.671762777090143e-17,1,1,0,0,0,0,0,0,0
1,1.6280137869811349,-1.027305629845438,2.9083676188250215e-14,1.973729821555834e-17,0.8124027777777779,-6.671762777090143e-17,1,1,0,0,0,0,0,0,0
-1,1.6325868594164752,-1.027305629845438,-1.4155411415583143,-0.2388636749962906,0.79,-6.671762777090143e-17,1,1,0,0,0,0,0,0,0
1,1.6371599318518155,-1.027305629845438,2.9083676188250215e-14,1.973729821555834e-17,0.8124027777777779,-6.671762777090143e-17,1,1,0,0,0,0,0,0,0
-1,1.6417330042871556,1.988792052294527,0.595875413875065,-0.2386379187886636,0.4,-1.2645566277980265,0,0,0,0,0,1,0,0,1
-1,1.646306076722496,1.9954063015974657,0.8832206360798335,-0.2384992011189169,0.64,-1.2645566277980265,0,0,0,0,0,0,0,0,1
1,1.6508791491578363,0.2558587349246349,-0.2661602527392404,-0.1920206218908518,0.87,-6.671762777090143e-17,1,1,0,1,0,0,1,0,1
1,1.6554522215931766,2.0020205509004043,-1.4155411415583143,-0.2388527951790555,0.8,-6.671762777090143e-17,1,0,0,0,0,0,0,0,0
1,1.6600252940285167,-1.027305629845438,2.9083676188250215e-14,1.973729821555834e-17,0.8124027777777779,-6.671762777090143e-17,1,1,0,0,0,0,0,0,0
1,1.664598366463857,1.4133523629388758,0.3085301916702965,-0.2148219988611743,0.81,1.4997658407836418,0,1,0,0,0,0,0,0,0
-1,1.6691714388991974,-0.5973794251544341,0.8832206360798335,-0.2390105525289635,0.33,-0.8042202140435529,1,0,0,0,0,0,0,0,0
1,1.6737445113345375,-1.0736053749660075,0.021184969465528,-0.114656961486834,0.91,1.4997658407836418,1,0,0,0,0,0,0,1,0
1,1.6783175837698778,0.6990134382215157,-1.7028863637630829,-0.1737860482049349,0.82,0.8085700243354833,1,1,0,1,0,0,0,0,1
1,1.6828906562052182,-0.8685636465749135,-1.4155411415583143,-0.2340493558697881,0.91,-0.4355824452712019,1,1,0,1,0,0,0,0,1
1,1.6874637286405585,2.0086348002033425,0.8832206360798335,-0.2120394856033143,0.94,0.1173742078873247,1,0,0,1,0,0,0,0,0
-1,1.6920368010758986,2.015249049506281,-1.4155411415583143,0.3263237906835627,0.95,0.1173742078873247,1,0,1,0,0,1,0,1,0
-1,1.696609873511239,-1.0736053749660075,-1.9902315859678512,-0.1961794320289436,0.75,0.5781714188527639,1,1,0,1,0,0,0,0,0
-1,1.7011829459465793,2.02186329880922,0.595875413875065,-0.2096404859029894,0.96,-0.8152793471067236,1,0,0,0,0,1,0,0,0
1,1.7057560183819194,-0.8685636465749135,-1.1281959193535458,-0.2340031166465392,0.93,-0.4355824452712019,1,1,0,1,0,0,0,0,1
1,1.7103290908172597,2.0284775481121584,-0.8408506971487774,0.1596939498203999,0.8,1.4997658407836418,1,1,1,1,0,0,0,0,0
-1,1.7149021632526,2.0350917974150966,-1.4155411415583143,-0.1117574901936975,0.94,-0.5830375527801424,0,0,0,0,0,0,1,0,1
1,1.71947523568794,1.228153382456597,0.8832206360798335,-0.2195193599524002,0.85,-0.5830375527801424,1,1,0,0,0,0,0,0,0
-1,1.7240483081232805,2.0417060467180352,0.8832206360798335,-0.2282422534205887,0.63,0.8085700243354833,1,0,0,0,0,1,0,0,0
-1,1.7286213805586208,-0.9347061396042988,0.3085301916702965,-0.2382952045457601,0.43,0.5781714188527639,0,1,0,0,0,0,0,0,1
